2026-07-10 13:24:43,370 INFO logic.embeddings: EmbeddingsService initialized
2026-07-10 13:25:06,153 INFO haki_ai.main: STARTUP: Kenyan Legal Assistant API starting
2026-07-10 13:32:59,826 INFO logic.embeddings: Loading model from: D:\projects\kenyan-legal-bot\backend\data\models\all-MiniLM-L6-v2
2026-07-10 13:32:59,866 INFO sentence_transformers.base.model: Loading SentenceTransformer model from D:\projects\kenyan-legal-bot\backend\data\models\all-MiniLM-L6-v2.
2026-07-10 13:33:08,845 INFO haki_ai.main: EMBEDDINGS_LOADED
2026-07-10 13:33:18,005 INFO haki_ai.rag_engine: RAG_DB_LOADED: count=1158
2026-07-10 13:33:18,009 INFO haki_ai.main: RAG_ENGINE_READY: waited=7.5s doc_count=1158
2026-07-10 13:33:18,040 INFO logic.search_tool: Search tool ready. Topics: 9. Gemini: Configured
2026-07-10 13:33:18,060 INFO haki_ai.main: SEARCH_TOOL_READY: known_topics=9
2026-07-10 13:33:22,205 INFO haki_ai.main: OLLAMA_READY: available_models=['llama3.2:latest'] configured_model=llama3.2:latest
2026-07-10 13:33:22,208 INFO haki_ai.main: STARTUP_COMPLETE
2026-07-10 17:08:34,124 INFO logic.embeddings: EmbeddingsService initialized
2026-07-10 17:08:34,929 INFO haki_ai.main: STARTUP: Kenyan Legal Assistant API starting
2026-07-10 17:10:24,623 INFO logic.embeddings: Loading model from: D:\projects\kenyan-legal-bot\backend\data\models\all-MiniLM-L6-v2
2026-07-10 17:10:24,641 INFO sentence_transformers.base.model: Loading SentenceTransformer model from D:\projects\kenyan-legal-bot\backend\data\models\all-MiniLM-L6-v2.
2026-07-10 17:10:32,615 INFO haki_ai.main: EMBEDDINGS_LOADED
2026-07-10 17:10:39,038 INFO haki_ai.rag_engine: RAG_DB_LOADED: count=1158
2026-07-10 17:10:39,075 INFO haki_ai.main: RAG_ENGINE_READY: waited=6.0s doc_count=1158
2026-07-10 17:10:39,100 INFO logic.search_tool: Search tool ready. Topics: 9. Gemini: Configured
2026-07-10 17:10:39,116 INFO haki_ai.main: SEARCH_TOOL_READY: known_topics=9
2026-07-10 17:10:43,256 INFO haki_ai.main: OLLAMA_READY: available_models=['llama3.2:latest'] configured_model=llama3.2:latest
2026-07-10 17:10:43,258 INFO haki_ai.main: STARTUP_COMPLETE
2026-07-10 17:11:50,328 INFO haki_ai.main: SHUTDOWN: Kenyan Legal Assistant API stopping
2026-07-10 17:11:50,333 INFO logic.data_manager: DataManager closed
2026-07-10 17:11:57,002 INFO logic.embeddings: EmbeddingsService initialized
2026-07-10 17:11:57,249 INFO haki_ai.main: STARTUP: Kenyan Legal Assistant API starting
2026-07-10 17:12:14,922 INFO logic.embeddings: Loading model from: D:\projects\kenyan-legal-bot\backend\data\models\all-MiniLM-L6-v2
2026-07-10 17:12:14,928 INFO sentence_transformers.base.model: Loading SentenceTransformer model from D:\projects\kenyan-legal-bot\backend\data\models\all-MiniLM-L6-v2.
2026-07-10 17:12:15,496 INFO haki_ai.main: EMBEDDINGS_LOADED
2026-07-10 17:12:17,420 INFO haki_ai.rag_engine: RAG_DB_LOADED: count=1158
2026-07-10 17:12:17,515 INFO haki_ai.main: RAG_ENGINE_READY: waited=2.0s doc_count=1158
2026-07-10 17:12:17,517 INFO logic.search_tool: Search tool ready. Topics: 9. Gemini: Configured
2026-07-10 17:12:17,518 INFO haki_ai.main: SEARCH_TOOL_READY: known_topics=9
2026-07-10 17:12:21,605 INFO haki_ai.main: OLLAMA_READY: available_models=['llama3.2:latest'] configured_model=llama3.2:latest
2026-07-10 17:12:21,607 INFO haki_ai.main: STARTUP_COMPLETE
2026-07-10 18:18:44,400 INFO logic.embeddings: EmbeddingsService initialized
2026-07-10 18:18:44,674 INFO haki_ai.main: STARTUP: Kenyan Legal Assistant API starting
2026-07-10 18:19:05,401 INFO logic.embeddings: Loading model from: D:\projects\kenyan-legal-bot\backend\data\models\all-MiniLM-L6-v2
2026-07-10 18:19:05,407 INFO sentence_transformers.base.model: Loading SentenceTransformer model from D:\projects\kenyan-legal-bot\backend\data\models\all-MiniLM-L6-v2.
2026-07-10 18:19:05,980 INFO haki_ai.main: EMBEDDINGS_LOADED
2026-07-10 18:19:08,128 INFO haki_ai.rag_engine: RAG_DB_LOADED: count=1158
2026-07-10 18:19:08,558 INFO haki_ai.main: RAG_ENGINE_READY: waited=2.5s doc_count=1158
2026-07-10 18:19:08,560 INFO logic.search_tool: Search tool ready. Topics: 9. Gemini: Configured
2026-07-10 18:19:08,561 INFO haki_ai.main: SEARCH_TOOL_READY: known_topics=9
2026-07-10 18:19:12,627 INFO haki_ai.main: OLLAMA_READY: available_models=['llama3.2:latest'] configured_model=llama3.2:latest
2026-07-10 18:19:12,629 INFO haki_ai.main: STARTUP_COMPLETE
2026-07-10 18:53:49,351 INFO haki_ai.main: SHUTDOWN: Kenyan Legal Assistant API stopping
2026-07-10 18:53:51,225 INFO logic.data_manager: DataManager closed
2026-07-10 19:28:03,818 INFO logic.embeddings: EmbeddingsService initialized
2026-07-10 19:28:04,429 INFO haki_ai.main: STARTUP: Kenyan Legal Assistant API starting
2026-07-10 19:29:44,314 INFO logic.embeddings: Loading model from: D:\projects\kenyan-legal-bot\backend\data\models\all-MiniLM-L6-v2
2026-07-10 19:29:44,330 INFO sentence_transformers.base.model: Loading SentenceTransformer model from D:\projects\kenyan-legal-bot\backend\data\models\all-MiniLM-L6-v2.
2026-07-10 19:29:52,822 INFO logic.embeddings: ✓ Model loaded successfully in 2.0s
  Path: D:\projects\kenyan-legal-bot\backend\data\models\all-MiniLM-L6-v2
  Dimension: 384
  Cache: 4.1223907470703125MB
2026-07-10 19:29:52,822 INFO haki_ai.main: EMBEDDINGS_LOADED
2026-07-10 19:30:02,976 INFO haki_ai.rag_engine: RAG_DB_LOADED: count=1158
2026-07-10 19:30:02,980 INFO haki_ai.main: RAG_ENGINE_READY: waited=7.5s doc_count=1158
2026-07-10 19:30:02,983 INFO logic.search_tool: Search tool ready. Topics: 9. Gemini: Configured
2026-07-10 19:30:02,998 INFO haki_ai.main: SEARCH_TOOL_READY: known_topics=9
2026-07-10 19:30:07,136 INFO haki_ai.main: OLLAMA_READY: available_models=['llama3.2:latest'] configured_model=llama3.2:latest
2026-07-10 19:30:07,140 INFO haki_ai.main: STARTUP_COMPLETE
2026-07-11 12:40:10,195 INFO logic.embeddings: EmbeddingsService initialized
2026-07-11 12:40:15,602 INFO haki_ai.main: STARTUP: Kenyan Legal Assistant API starting
2026-07-11 12:44:52,915 INFO logic.embeddings: Loading model from: D:\projects\kenyan-legal-bot\backend\data\models\all-MiniLM-L6-v2
2026-07-11 12:44:52,921 INFO sentence_transformers.base.model: Loading SentenceTransformer model from D:\projects\kenyan-legal-bot\backend\data\models\all-MiniLM-L6-v2.
2026-07-11 12:45:00,123 INFO logic.embeddings: ✓ Model loaded successfully in 1.6s
  Path: D:\projects\kenyan-legal-bot\backend\data\models\all-MiniLM-L6-v2
  Dimension: 384
  Cache: 4.1223907470703125MB
2026-07-11 12:45:00,124 INFO haki_ai.main: EMBEDDINGS_LOADED
2026-07-11 12:45:16,475 INFO haki_ai.rag_engine: RAG_DB_LOADED: count=2053
2026-07-11 12:45:16,480 INFO haki_ai.main: RAG_ENGINE_READY: waited=11.5s doc_count=2053
2026-07-11 12:45:17,011 INFO logic.search_tool: Search tool ready. Topics: 9. Gemini: Configured
2026-07-11 12:45:17,027 INFO haki_ai.main: SEARCH_TOOL_READY: known_topics=9
2026-07-11 12:45:21,428 INFO haki_ai.main: OLLAMA_READY: available_models=['llama3.2:latest'] configured_model=llama3.2:latest
2026-07-11 12:45:21,431 INFO haki_ai.main: STARTUP_COMPLETE
2026-07-11 12:56:22,218 INFO haki_ai.main: SHUTDOWN: Kenyan Legal Assistant API stopping
2026-07-11 12:56:22,411 INFO logic.data_manager: DataManager closed
2026-07-11 12:57:02,680 INFO logic.embeddings: EmbeddingsService initialized
2026-07-11 12:57:03,029 INFO haki_ai.main: STARTUP: Kenyan Legal Assistant API starting
2026-07-11 12:57:31,878 INFO logic.embeddings: Loading model from: D:\projects\kenyan-legal-bot\backend\data\models\all-MiniLM-L6-v2
2026-07-11 12:57:31,886 INFO sentence_transformers.base.model: Loading SentenceTransformer model from D:\projects\kenyan-legal-bot\backend\data\models\all-MiniLM-L6-v2.
2026-07-11 12:57:32,548 INFO logic.embeddings: ✓ Model loaded successfully in 0.4s
  Path: D:\projects\kenyan-legal-bot\backend\data\models\all-MiniLM-L6-v2
  Dimension: 384
  Cache: 4.1223907470703125MB
2026-07-11 12:57:32,586 INFO haki_ai.main: EMBEDDINGS_LOADED
2026-07-11 12:57:35,208 INFO haki_ai.rag_engine: RAG_DB_LOADED: count=2053
2026-07-11 12:57:35,657 INFO haki_ai.main: RAG_ENGINE_READY: waited=3.0s doc_count=2053
2026-07-11 12:57:35,659 INFO logic.search_tool: Search tool ready. Topics: 9. Gemini: Configured
2026-07-11 12:57:35,660 INFO haki_ai.main: SEARCH_TOOL_READY: known_topics=9
2026-07-11 12:57:39,758 INFO haki_ai.main: OLLAMA_READY: available_models=['llama3.2:latest'] configured_model=llama3.2:latest
2026-07-11 12:57:39,761 INFO haki_ai.main: STARTUP_COMPLETE
2026-07-11 13:02:44,413 INFO haki_ai.main: NEW_SESSION: session_id=112ec9b1 user_type=lawyer
2026-07-11 13:02:55,543 INFO haki_ai.rag_engine: RETRIEVAL: query='robbery with violence' doc_type=all n=8 distances=[0.5005007982254028, 0.5301368236541748, 0.6700202226638794, 0.7046095132827759, 0.705150306224823, 0.7157268524169922, 0.7660095691680908, 0.8022083044052124]
2026-07-11 13:02:55,559 INFO haki_ai.rag_engine: RETRIEVAL: query='robbery with violence' doc_type=case_law n=0 distances=[]
2026-07-11 13:06:57,610 ERROR haki_ai.rag_engine: OLLAMA_REQUEST_FAILED: query='robbery with violence' err=HTTPConnectionPool(host='localhost', port=11434): Read timed out. (read timeout=240)
2026-07-11 13:06:57,610 ERROR haki_ai.rag_engine: OLLAMA_NO_ANSWER: query='robbery with violence'
2026-07-11 13:06:57,610 INFO haki_ai.main: CHAT_UNAVAILABLE_RESPONSE: session_id=112ec9b1 query='robbery with violence'
2026-07-11 13:07:19,016 INFO haki_ai.main: NEW_SESSION: session_id=c1e46436 user_type=lawyer
2026-07-11 13:07:54,893 INFO haki_ai.rag_engine: RETRIEVAL: query='robbery with violence' doc_type=all n=8 distances=[0.5005007982254028, 0.5301368236541748, 0.6700202226638794, 0.7046095132827759, 0.705150306224823, 0.7157268524169922, 0.7660095691680908, 0.8022083044052124]
2026-07-11 13:07:54,899 INFO haki_ai.rag_engine: RETRIEVAL: query='robbery with violence' doc_type=case_law n=0 distances=[]
2026-07-11 13:11:56,936 ERROR haki_ai.rag_engine: OLLAMA_REQUEST_FAILED: query='robbery with violence' err=HTTPConnectionPool(host='localhost', port=11434): Read timed out. (read timeout=240)
2026-07-11 13:11:57,127 ERROR haki_ai.rag_engine: OLLAMA_NO_ANSWER: query='robbery with violence'
2026-07-11 13:11:57,301 INFO haki_ai.main: CHAT_UNAVAILABLE_RESPONSE: session_id=c1e46436 query='robbery with violence'
2026-07-11 13:17:36,538 INFO haki_ai.rag_engine: RETRIEVAL: query='robbery with violence' doc_type=all n=8 distances=[0.5005007982254028, 0.5301368236541748, 0.6700202226638794, 0.7046095132827759, 0.705150306224823, 0.7157268524169922, 0.7660095691680908, 0.8022083044052124]
2026-07-11 13:17:36,547 INFO haki_ai.rag_engine: RETRIEVAL: query='robbery with violence' doc_type=case_law n=0 distances=[]
2026-07-11 13:33:31,512 INFO haki_ai.rag_engine: RETRIEVAL: query='case withdrawal' doc_type=all n=8 distances=[0.8648685216903687, 0.9521939754486084, 1.095193862915039, 1.1036674976348877, 1.125447154045105, 1.187008261680603, 1.2138968706130981, 1.2184170484542847]
2026-07-11 13:33:31,529 INFO haki_ai.rag_engine: RETRIEVAL: query='case withdrawal' doc_type=case_law n=0 distances=[]
2026-07-11 13:37:33,781 ERROR haki_ai.rag_engine: OLLAMA_REQUEST_FAILED: query='case withdrawal' err=HTTPConnectionPool(host='localhost', port=11434): Read timed out. (read timeout=240)
2026-07-11 13:37:34,249 ERROR haki_ai.rag_engine: OLLAMA_NO_ANSWER: query='case withdrawal'
2026-07-11 13:37:34,250 INFO haki_ai.main: CHAT_UNAVAILABLE_RESPONSE: session_id=c1e46436 query='case withdrawal'
2026-07-11 13:38:13,854 INFO haki_ai.rag_engine: RETRIEVAL: query='case withdrawal' doc_type=all n=8 distances=[0.8648685216903687, 0.9521939754486084, 1.095193862915039, 1.1036674976348877, 1.125447154045105, 1.187008261680603, 1.2138968706130981, 1.2184170484542847]
2026-07-11 13:38:20,961 INFO haki_ai.rag_engine: RETRIEVAL: query='case withdrawal' doc_type=case_law n=0 distances=[]
2026-07-11 13:44:15,702 INFO haki_ai.rag_engine: RETRIEVAL: query='case withdrawal procedures' doc_type=all n=8 distances=[0.7925070524215698, 0.8618351817131042, 0.9538518786430359, 0.9756587147712708, 1.0692552328109741, 1.0800073146820068, 1.0918551683425903, 1.1097707748413086]
2026-07-11 13:44:15,751 INFO haki_ai.rag_engine: RETRIEVAL: query='case withdrawal procedures' doc_type=case_law n=0 distances=[]
2026-07-11 13:51:58,235 INFO haki_ai.rag_engine: RETRIEVAL: query='robbery with violence case withdrawal procedures' doc_type=all n=8 distances=[0.7254853248596191, 0.7589636445045471, 0.7799292802810669, 0.8936924338340759, 0.9009965658187866, 0.9084726572036743, 0.9093882441520691, 0.9150227904319763]
2026-07-11 13:51:58,288 INFO haki_ai.rag_engine: RETRIEVAL: query='robbery with violence case withdrawal procedures' doc_type=case_law n=0 distances=[]
2026-07-11 14:15:56,953 INFO haki_ai.rag_engine: RETRIEVAL: query='research about robbery with violence' doc_type=all n=8 distances=[0.5849026441574097, 0.6018446087837219, 0.718062162399292, 0.7487839460372925, 0.797005295753479, 0.7975257635116577, 0.8632235527038574, 0.8774122595787048]
2026-07-11 14:15:57,185 INFO haki_ai.rag_engine: RETRIEVAL: query='research about robbery with violence' doc_type=case_law n=0 distances=[]
2026-07-11 14:19:59,256 ERROR haki_ai.rag_engine: OLLAMA_REQUEST_FAILED: query='research about robbery with violence' err=HTTPConnectionPool(host='localhost', port=11434): Read timed out. (read timeout=240)
2026-07-11 14:19:59,257 ERROR haki_ai.rag_engine: OLLAMA_NO_ANSWER: query='research about robbery with violence'
2026-07-11 14:19:59,298 INFO haki_ai.main: CHAT_UNAVAILABLE_RESPONSE: session_id=c1e46436 query='research about robbery with violence'
2026-07-11 15:13:45,288 INFO haki_ai.rag_engine: RETRIEVAL: query='research about robbery with violence' doc_type=all n=8 distances=[0.5849026441574097, 0.6018446087837219, 0.718062162399292, 0.7487839460372925, 0.797005295753479, 0.7975257635116577, 0.8632235527038574, 0.8774122595787048]
2026-07-11 15:13:45,533 INFO haki_ai.rag_engine: RETRIEVAL: query='research about robbery with violence' doc_type=case_law n=0 distances=[]
2026-07-11 15:31:41,018 INFO haki_ai.rag_engine: RETRIEVAL: query='what is matrimonial property' doc_type=all n=8 distances=[0.5392422080039978, 0.5584098696708679, 0.6208025217056274, 0.8521208763122559, 0.8892508149147034, 0.9978472590446472, 1.0698808431625366, 1.1166601181030273]
2026-07-11 15:31:41,220 INFO haki_ai.rag_engine: RETRIEVAL: query='what is matrimonial property' doc_type=case_law n=0 distances=[]
2026-07-11 16:09:49,745 INFO haki_ai.main: SHUTDOWN: Kenyan Legal Assistant API stopping
2026-07-11 16:09:49,870 INFO logic.data_manager: DataManager closed
2026-07-11 16:13:15,977 INFO logic.embeddings: EmbeddingsService initialized
2026-07-11 16:13:18,692 INFO haki_ai.main: STARTUP: Kenyan Legal Assistant API starting
2026-07-11 16:20:11,228 INFO logic.embeddings: Loading model from: D:\projects\kenyan-legal-bot\backend\data\models\all-MiniLM-L6-v2
2026-07-11 16:20:11,235 INFO sentence_transformers.base.model: Loading SentenceTransformer model from D:\projects\kenyan-legal-bot\backend\data\models\all-MiniLM-L6-v2.
2026-07-11 16:20:28,402 INFO logic.embeddings: ✓ Model loaded successfully in 2.0s
  Path: D:\projects\kenyan-legal-bot\backend\data\models\all-MiniLM-L6-v2
  Dimension: 384
  Cache: 4.1356353759765625MB
2026-07-11 16:20:28,403 INFO haki_ai.main: EMBEDDINGS_LOADED
2026-07-11 16:20:53,170 INFO haki_ai.rag_engine: RAG_DB_LOADED: count=2053
2026-07-11 16:20:53,172 INFO haki_ai.main: RAG_ENGINE_READY: waited=19.5s doc_count=2053
2026-07-11 16:20:53,175 INFO logic.search_tool: Search tool ready. Topics: 9. Gemini: Configured
2026-07-11 16:20:53,177 INFO haki_ai.main: SEARCH_TOOL_READY: known_topics=9
2026-07-11 16:20:57,434 INFO haki_ai.main: OLLAMA_READY: available_models=['llama3.2:latest'] configured_model=llama3.2:latest
2026-07-11 16:20:57,436 INFO haki_ai.main: STARTUP_COMPLETE
2026-07-11 16:22:24,580 INFO haki_ai.main: NEW_SESSION: session_id=768bbed3 user_type=lawyer
2026-07-11 16:22:24,588 INFO haki_ai.main: NEW_SESSION: session_id=0513e8a4 user_type=lawyer
2026-07-11 16:23:17,069 INFO haki_ai.rag_engine: RETRIEVAL: query='robbery with violence' doc_type=all n=8 distances=[0.5005007982254028, 0.5301368236541748, 0.6700202226638794, 0.7046095132827759, 0.705150306224823, 0.7157268524169922, 0.7660095691680908, 0.8022083044052124]
2026-07-11 16:23:17,076 INFO haki_ai.rag_engine: RETRIEVAL: query='robbery with violence' doc_type=case_law_pdf n=0 distances=[]
2026-07-11 16:27:19,121 ERROR haki_ai.rag_engine: OLLAMA_REQUEST_FAILED: query='robbery with violence' err=HTTPConnectionPool(host='localhost', port=11434): Read timed out. (read timeout=240)
2026-07-11 16:27:19,121 ERROR haki_ai.rag_engine: OLLAMA_NO_ANSWER: query='robbery with violence'
2026-07-11 16:27:19,121 INFO haki_ai.main: CHAT_UNAVAILABLE_RESPONSE: session_id=0513e8a4 query='robbery with violence'
2026-07-11 16:27:41,852 INFO haki_ai.rag_engine: RETRIEVAL: query='robbery with violence' doc_type=all n=8 distances=[0.5005007982254028, 0.5301368236541748, 0.6700202226638794, 0.7046095132827759, 0.705150306224823, 0.7157268524169922, 0.7660095691680908, 0.8022083044052124]
2026-07-11 16:27:41,859 INFO haki_ai.rag_engine: RETRIEVAL: query='robbery with violence' doc_type=case_law_pdf n=0 distances=[]
2026-07-11 16:33:11,184 INFO haki_ai.rag_engine: EXACT_NUMBER_MATCH: query='section 296(1) of the Penal Code' number=296 hits=0 (no exact match found)
2026-07-11 16:33:11,260 INFO haki_ai.rag_engine: RETRIEVAL: query='section 296(1) of the Penal Code' doc_type=all n=8 distances=[0.43205294013023376, 0.5908805727958679, 0.6376627683639526, 0.6592136025428772, 0.6711400151252747, 0.7108289003372192, 0.7148181796073914, 0.7206567525863647]
2026-07-11 16:33:11,435 INFO haki_ai.rag_engine: RETRIEVAL: query='section 296(1) of the Penal Code' doc_type=case_law_pdf n=0 distances=[]
2026-07-12 14:50:15,649 INFO logic.embeddings: EmbeddingsService initialized
2026-07-12 14:50:34,764 INFO haki_ai.main: STARTUP: Kenyan Legal Assistant API starting
2026-07-12 15:01:18,281 INFO logic.embeddings: Loading model from: D:\projects\kenyan-legal-bot\backend\data\models\all-MiniLM-L6-v2
2026-07-12 15:01:18,301 INFO sentence_transformers.base.model: Loading SentenceTransformer model from D:\projects\kenyan-legal-bot\backend\data\models\all-MiniLM-L6-v2.
2026-07-12 15:01:28,718 INFO logic.embeddings: ✓ Model loaded successfully in 2.8s
  Path: D:\projects\kenyan-legal-bot\backend\data\models\all-MiniLM-L6-v2
  Dimension: 384
  Cache: 4.1422576904296875MB
2026-07-12 15:01:28,719 INFO haki_ai.main: EMBEDDINGS_LOADED
2026-07-12 15:01:42,532 INFO haki_ai.rag_engine: RAG_DB_LOADED: count=2053
2026-07-12 15:01:42,535 INFO haki_ai.main: RAG_ENGINE_READY: waited=12.0s doc_count=2053
2026-07-12 15:01:42,558 INFO logic.search_tool: Search tool ready. Topics: 9. Gemini: Configured
2026-07-12 15:01:42,574 INFO haki_ai.main: SEARCH_TOOL_READY: known_topics=9
2026-07-12 15:01:46,679 INFO haki_ai.main: OLLAMA_READY: available_models=['llama3.2:latest'] configured_model=llama3.2:latest
2026-07-12 15:01:46,684 INFO haki_ai.main: STARTUP_COMPLETE
2026-07-12 15:05:03,254 INFO haki_ai.main: NEW_SESSION: session_id=c38d36aa user_type=lawyer
2026-07-12 15:05:27,408 INFO haki_ai.rag_engine: RETRIEVAL: query='research on robbery with violence' doc_type=all n=8 distances=[0.5843954086303711, 0.5943008661270142, 0.7104837894439697, 0.7526931762695312, 0.7911224365234375, 0.8131779432296753, 0.8723820447921753, 0.9073436856269836]
2026-07-12 15:05:27,478 INFO haki_ai.rag_engine: RETRIEVAL: query='research on robbery with violence' doc_type=case_law_pdf n=0 distances=[]
2026-07-12 15:09:29,520 ERROR haki_ai.rag_engine: OLLAMA_REQUEST_FAILED: query='research on robbery with violence' err=HTTPConnectionPool(host='localhost', port=11434): Read timed out. (read timeout=240)
2026-07-12 15:09:29,594 ERROR haki_ai.rag_engine: OLLAMA_NO_ANSWER: query='research on robbery with violence'
2026-07-12 15:09:29,729 INFO haki_ai.main: CHAT_UNAVAILABLE_RESPONSE: session_id=c38d36aa query='research on robbery with violence'
2026-07-12 15:12:33,011 INFO haki_ai.main: NEW_SESSION: session_id=8dd09fa7 user_type=lawyer
2026-07-12 15:12:48,153 INFO haki_ai.main: NEW_SESSION: session_id=39d26e4f user_type=lawyer
2026-07-12 15:12:48,942 INFO haki_ai.main: NEW_SESSION: session_id=b75baada user_type=lawyer
2026-07-12 15:13:21,371 INFO haki_ai.rag_engine: RETRIEVAL: query='research on robbery with violence' doc_type=all n=8 distances=[0.5843954086303711, 0.5943008661270142, 0.7104837894439697, 0.7526931762695312, 0.7911224365234375, 0.8131779432296753, 0.8723820447921753, 0.9073436856269836]
2026-07-12 15:13:21,379 INFO haki_ai.rag_engine: RETRIEVAL: query='research on robbery with violence' doc_type=case_law_pdf n=0 distances=[]
2026-07-12 15:16:35,850 INFO haki_ai.rag_engine: RETRIEVAL: query='explain  Sections 296(2) and 297 of the Penal Code' doc_type=all n=8 distances=[0.4109770655632019, 0.7114953994750977, 0.7248547077178955, 0.7307398319244385, 0.7543561458587646, 0.7844746708869934, 0.7860912084579468, 0.7868025898933411]
2026-07-12 15:16:35,906 INFO haki_ai.rag_engine: RETRIEVAL: query='explain  Sections 296(2) and 297 of the Penal Code' doc_type=case_law_pdf n=0 distances=[]
2026-07-12 15:19:14,631 WARNING haki_ai.rag_engine: UNGROUNDED_SECTION_CITATION: numbers=['297']
2026-07-12 15:19:14,645 WARNING haki_ai.rag_engine: GROUNDING_ISSUES_FOUND (attempt 1, retrying): query='explain  Sections 296(2) and 297 of the Penal Code' issues=['- These cited section/article numbers could not be verified in the provided legal text: 297.'] raw_answer='To understand Sections 296(2) and 297 of the Penal Code, let's break down the relevant information from the provided legal texts. 

Section 296(1) defines the punishment for robbery, stating that a pe'
2026-07-12 15:20:23,862 WARNING haki_ai.rag_engine: UNGROUNDED_SECTION_CITATION: numbers=['297']
2026-07-12 15:20:23,863 WARNING haki_ai.rag_engine: GROUNDING_ISSUES_PERSIST (attempt 2, giving up): query='explain  Sections 296(2) and 297 of the Penal Code' issues=['- These cited section/article numbers could not be verified in the provided legal text: 297.'] raw_answer='Let's break down Sections 296(2) and 297 of the Penal Code based on the provided legal text.

Section 296(2) deals with the aggravated circumstances of robbery. According to [DOCUMENT 3], "Sections 29'
2026-07-12 15:20:23,863 INFO haki_ai.main: CHAT_UNAVAILABLE_RESPONSE: session_id=b75baada query='explain  Sections 296(2) and 297 of the Penal Code'
2026-07-12 15:22:44,593 INFO haki_ai.rag_engine: RETRIEVAL: query='explain attempting to frame a charge under both sections 295 and 296(2) would be considered a duplex charge.' doc_type=all n=8 distances=[1.114166021347046, 1.2423725128173828, 1.2894285917282104, 1.2951250076293945, 1.3356449604034424, 1.3477625846862793, 1.3494148254394531, 1.36453378200531]
2026-07-12 15:22:44,595 WARNING haki_ai.rag_engine: NO_RELEVANT_RESULTS: query='explain attempting to frame a charge under both sections 295 and 296(2) would be considered a duplex charge.' best_distance=1.114166021347046
2026-07-12 15:22:44,596 INFO haki_ai.main: CHAT_UNAVAILABLE_RESPONSE: session_id=b75baada query='explain attempting to frame a charge under both sections 295 and 296(2) would be considered a duplex charge.'
2026-07-12 15:24:05,689 INFO haki_ai.rag_engine: RETRIEVAL: query='explain  Sections 296(2) and 297 of the Penal Code' doc_type=all n=8 distances=[0.4109770655632019, 0.7114953994750977, 0.7248547077178955, 0.7307398319244385, 0.7543561458587646, 0.7844746708869934, 0.7860912084579468, 0.7868025898933411]
2026-07-12 15:24:05,826 INFO haki_ai.rag_engine: RETRIEVAL: query='explain  Sections 296(2) and 297 of the Penal Code' doc_type=case_law_pdf n=0 distances=[]
2026-07-12 15:25:09,030 WARNING haki_ai.rag_engine: UNGROUNDED_SECTION_CITATION: numbers=['297']
2026-07-12 15:25:09,032 WARNING haki_ai.rag_engine: GROUNDING_ISSUES_FOUND (attempt 1, retrying): query='explain  Sections 296(2) and 297 of the Penal Code' issues=['- These cited section/article numbers could not be verified in the provided legal text: 297.'] raw_answer='To understand Sections 296(2) and 297 of the Penal Code, let's break down the relevant information. 

Section 296(1) defines the punishment for robbery, stating that a person who commits this felony i'
2026-07-12 15:27:51,920 INFO haki_ai.rag_engine: EXACT_NUMBER_MATCH: query='section 297 of the penal code' number=297 hits=0 (no exact match found)
2026-07-12 15:27:52,219 INFO haki_ai.rag_engine: RETRIEVAL: query='section 297 of the penal code' doc_type=all n=8 distances=[0.45850977301597595, 0.6187236309051514, 0.7317609190940857, 0.7482322454452515, 0.7542902827262878, 0.7578954696655273, 0.7634285688400269, 0.7652387619018555]
2026-07-12 15:27:52,268 INFO haki_ai.rag_engine: RETRIEVAL: query='section 297 of the penal code' doc_type=case_law_pdf n=0 distances=[]
2026-07-12 15:29:18,308 WARNING haki_ai.rag_engine: UNGROUNDED_SECTION_CITATION: numbers=['297']
2026-07-12 15:29:18,308 WARNING haki_ai.rag_engine: GROUNDING_ISSUES_FOUND (attempt 1, retrying): query='section 297 of the penal code' issues=['- These cited section/article numbers could not be verified in the provided legal text: 297.'] raw_answer='Unfortunately, the retrieved legal text does not address this question. The provided documents do not mention Section 297 of the Penal Code.'
2026-07-12 15:29:38,318 WARNING haki_ai.rag_engine: UNGROUNDED_SECTION_CITATION: numbers=['297']
2026-07-12 15:29:38,318 WARNING haki_ai.rag_engine: GROUNDING_ISSUES_PERSIST (attempt 2, giving up): query='section 297 of the penal code' issues=['- These cited section/article numbers could not be verified in the provided legal text: 297.'] raw_answer='I couldn't find any information on section 297 of the Penal Code from the provided legal text. The retrieved legal text does not address this question.'
2026-07-12 15:29:38,319 INFO haki_ai.main: CHAT_UNAVAILABLE_RESPONSE: session_id=b75baada query='section 297 of the penal code'
2026-07-12 15:29:44,154 INFO haki_ai.main: SESSION_DELETED: session_id=b3717821
2026-07-12 15:31:08,512 INFO haki_ai.rag_engine: RETRIEVAL: query='before i got married i inherited a parcel of land. can my wife claim share of it durin devorce?' doc_type=all n=8 distances=[0.8949655294418335, 0.9538534879684448, 0.9655059576034546, 1.0442793369293213, 1.0641067028045654, 1.0908927917480469, 1.1123762130737305, 1.120906114578247]
2026-07-12 15:31:08,645 INFO haki_ai.rag_engine: RETRIEVAL: query='before i got married i inherited a parcel of land. can my wife claim share of it durin devorce?' doc_type=case_law_pdf n=0 distances=[]
2026-07-12 15:36:20,485 INFO haki_ai.rag_engine: RETRIEVAL: query='i was robbed and assulted during the robbery. what are the chances i could such case' doc_type=all n=8 distances=[0.887945294380188, 0.9242575168609619, 0.9293636083602905, 0.9622316956520081, 1.004125714302063, 1.0093482732772827, 1.0375558137893677, 1.064308524131775]
2026-07-12 15:36:20,527 INFO haki_ai.rag_engine: RETRIEVAL: query='i was robbed and assulted during the robbery. what are the chances i could such case' doc_type=case_law_pdf n=0 distances=[]
2026-07-12 15:40:09,253 INFO haki_ai.rag_engine: RETRIEVAL: query='After i got married i inherited a parcel of land. can my wife claim share of it durin devorce?' doc_type=all n=8 distances=[0.9132766723632812, 0.9718563556671143, 0.9834529161453247, 1.059282898902893, 1.0829391479492188, 1.1183497905731201, 1.1201308965682983, 1.130169153213501]
2026-07-12 15:40:09,365 INFO haki_ai.rag_engine: RETRIEVAL: query='After i got married i inherited a parcel of land. can my wife claim share of it durin devorce?' doc_type=case_law_pdf n=0 distances=[]
2026-07-12 15:42:13,252 WARNING haki_ai.rag_engine: OLLAMA_TRUNCATED: query='After i got married i inherited a parcel of land. can my wife claim share of it durin devorce?' raw_len=1184
2026-07-12 15:42:17,702 INFO haki_ai.main: SESSION_DELETED: session_id=d77b02e6
2026-07-12 15:42:17,734 INFO haki_ai.main: SESSION_DELETED: session_id=f97b27ff
2026-07-12 15:44:39,205 INFO haki_ai.main: SESSION_DELETED: session_id=c1e46436
2026-07-12 15:44:48,216 INFO haki_ai.main: SESSION_DELETED: session_id=0513e8a4
2026-07-12 15:45:57,810 INFO haki_ai.rag_engine: RETRIEVAL: query='I was robbed and assulted during the robbery. what are the odds of me winning such a case' doc_type=all n=8 distances=[1.0124257802963257, 1.0191723108291626, 1.032470464706421, 1.073532223701477, 1.1142337322235107, 1.1147968769073486, 1.1164792776107788, 1.1510708332061768]
2026-07-12 15:45:57,856 INFO haki_ai.rag_engine: RETRIEVAL: query='I was robbed and assulted during the robbery. what are the odds of me winning such a case' doc_type=case_law_pdf n=0 distances=[]
2026-07-12 15:48:39,367 INFO haki_ai.rag_engine: RETRIEVAL: query='I was robbed and assulted. what are the odds of me winning such a case' doc_type=all n=8 distances=[1.2488746643066406, 1.2534899711608887, 1.2592960596084595, 1.2785266637802124, 1.282737135887146, 1.289603352546692, 1.2903978824615479, 1.3094005584716797]
2026-07-12 15:48:39,410 WARNING haki_ai.rag_engine: NO_RELEVANT_RESULTS: query='I was robbed and assulted. what are the odds of me winning such a case' best_distance=1.2488746643066406
2026-07-12 15:48:39,412 INFO haki_ai.main: CHAT_UNAVAILABLE_RESPONSE: session_id=b75baada query='I was robbed and assulted. what are the odds of me winning such a case'
2026-07-12 15:49:08,997 INFO haki_ai.rag_engine: RETRIEVAL: query='I was robbed and assulted. what are the odds of me winning such a case' doc_type=all n=8 distances=[1.2488746643066406, 1.2534899711608887, 1.2592960596084595, 1.2785266637802124, 1.282737135887146, 1.289603352546692, 1.2903978824615479, 1.3094005584716797]
2026-07-12 15:49:08,998 WARNING haki_ai.rag_engine: NO_RELEVANT_RESULTS: query='I was robbed and assulted. what are the odds of me winning such a case' best_distance=1.2488746643066406
2026-07-12 15:49:08,998 INFO haki_ai.main: CHAT_UNAVAILABLE_RESPONSE: session_id=b75baada query='I was robbed and assulted. what are the odds of me winning such a case'
2026-07-12 15:50:35,619 INFO haki_ai.rag_engine: RETRIEVAL: query='During a robbery I was robbed and assulted. what are the odds of me winning such a case' doc_type=all n=8 distances=[0.9651944637298584, 0.9782861471176147, 1.0146511793136597, 1.05402410030365, 1.0662877559661865, 1.0928685665130615, 1.1172468662261963, 1.1174840927124023]
2026-07-12 15:50:35,764 INFO haki_ai.rag_engine: RETRIEVAL: query='During a robbery I was robbed and assulted. what are the odds of me winning such a case' doc_type=case_law_pdf n=0 distances=[]
2026-07-12 16:17:58,383 INFO haki_ai.main: SHUTDOWN: Kenyan Legal Assistant API stopping
2026-07-12 16:17:58,509 INFO logic.data_manager: DataManager closed
2026-07-12 16:21:16,006 INFO logic.embeddings: EmbeddingsService initialized
2026-07-12 16:21:20,675 INFO haki_ai.main: STARTUP: Kenyan Legal Assistant API starting
2026-07-12 16:22:30,548 INFO logic.embeddings: Loading model from: D:\projects\kenyan-legal-bot\backend\data\models\all-MiniLM-L6-v2
2026-07-12 16:22:30,553 INFO sentence_transformers.base.model: Loading SentenceTransformer model from D:\projects\kenyan-legal-bot\backend\data\models\all-MiniLM-L6-v2.
2026-07-12 16:22:31,236 INFO logic.embeddings: ✓ Model loaded successfully in 0.5s
  Path: D:\projects\kenyan-legal-bot\backend\data\models\all-MiniLM-L6-v2
  Dimension: 384
  Cache: 4.1753692626953125MB
2026-07-12 16:22:31,237 INFO haki_ai.main: EMBEDDINGS_LOADED
2026-07-12 16:23:11,694 INFO haki_ai.rag_engine: RAG_DB_LOADED: count=2053
2026-07-12 16:23:11,698 INFO haki_ai.main: RAG_ENGINE_READY: waited=29.0s doc_count=2053
2026-07-12 16:23:12,046 INFO logic.search_tool: Search tool ready. Topics: 9. Gemini: Configured
2026-07-12 16:23:12,207 INFO haki_ai.main: SEARCH_TOOL_READY: known_topics=9
2026-07-12 16:23:16,937 INFO haki_ai.main: OLLAMA_READY: available_models=['llama3.2:latest'] configured_model=llama3.2:latest
2026-07-12 16:23:16,941 INFO haki_ai.main: STARTUP_COMPLETE
2026-07-12 16:39:00,616 INFO haki_ai.main: SHUTDOWN: Kenyan Legal Assistant API stopping
2026-07-12 16:39:00,627 INFO logic.data_manager: DataManager closed
2026-07-12 16:39:09,718 INFO logic.embeddings: EmbeddingsService initialized
2026-07-12 16:39:10,121 INFO haki_ai.main: STARTUP: Kenyan Legal Assistant API starting
2026-07-12 16:39:42,920 INFO logic.embeddings: Loading model from: D:\projects\kenyan-legal-bot\backend\data\models\all-MiniLM-L6-v2
2026-07-12 16:39:42,926 INFO sentence_transformers.base.model: Loading SentenceTransformer model from D:\projects\kenyan-legal-bot\backend\data\models\all-MiniLM-L6-v2.
2026-07-12 16:39:43,593 INFO logic.embeddings: ✓ Model loaded successfully in 0.5s
  Path: D:\projects\kenyan-legal-bot\backend\data\models\all-MiniLM-L6-v2
  Dimension: 384
  Cache: 4.1753692626953125MB
2026-07-12 16:39:43,593 INFO haki_ai.main: EMBEDDINGS_LOADED
2026-07-12 16:39:46,476 INFO haki_ai.rag_engine: RAG_DB_LOADED: count=2053
2026-07-12 16:39:46,481 INFO haki_ai.main: RAG_ENGINE_READY: waited=2.5s doc_count=2053
2026-07-12 16:39:46,485 INFO logic.search_tool: Search tool ready. Topics: 9. Gemini: Configured
2026-07-12 16:39:46,487 INFO haki_ai.main: SEARCH_TOOL_READY: known_topics=9
2026-07-12 16:39:50,639 INFO haki_ai.main: OLLAMA_READY: available_models=['llama3.2:latest'] configured_model=llama3.2:latest
2026-07-12 16:39:50,645 INFO haki_ai.main: STARTUP_COMPLETE
2026-07-12 16:46:47,776 INFO haki_ai.main: SHUTDOWN: Kenyan Legal Assistant API stopping
2026-07-12 16:46:47,783 INFO logic.data_manager: DataManager closed
2026-07-12 16:47:02,606 INFO logic.embeddings: EmbeddingsService initialized
2026-07-12 16:48:35,466 INFO logic.embeddings: EmbeddingsService initialized
2026-07-12 16:48:35,993 INFO haki_ai.main: STARTUP: Kenyan Legal Assistant API starting
2026-07-12 16:55:18,687 INFO logic.embeddings: Loading model from: D:\projects\kenyan-legal-bot\backend\data\models\all-MiniLM-L6-v2
2026-07-12 16:55:18,746 INFO sentence_transformers.base.model: Loading SentenceTransformer model from D:\projects\kenyan-legal-bot\backend\data\models\all-MiniLM-L6-v2.
2026-07-12 16:56:27,036 INFO logic.embeddings: ✓ Model loaded successfully in 27.8s
  Path: D:\projects\kenyan-legal-bot\backend\data\models\all-MiniLM-L6-v2
  Dimension: 384
  Cache: 4.1753692626953125MB
2026-07-12 16:56:27,036 INFO haki_ai.main: EMBEDDINGS_LOADED
2026-07-12 16:56:40,311 INFO haki_ai.rag_engine: RAG_DB_LOADED: count=2053
2026-07-12 16:56:40,314 INFO haki_ai.main: RAG_ENGINE_READY: waited=6.5s doc_count=2053
2026-07-12 16:56:40,319 INFO logic.search_tool: Search tool ready. Topics: 9. Gemini: Configured
2026-07-12 16:56:40,320 INFO haki_ai.main: SEARCH_TOOL_READY: known_topics=9
2026-07-12 16:56:44,488 INFO haki_ai.main: OLLAMA_READY: available_models=['llama3.2:latest'] configured_model=llama3.2:latest
2026-07-12 16:56:44,491 INFO haki_ai.main: STARTUP_COMPLETE
2026-07-12 17:07:51,973 INFO haki_ai.main: DEBUG_INGEST_CASE_LAW: folder=data/case_law_pdfs before=2053 after=2214
2026-07-12 17:10:27,147 INFO haki_ai.main: DEBUG_REMOVE_SOURCES: sources=['James Kariuki Wagana V Republic 2018Kehc6157(Klr)', 'Katiba Institute (On Its Own Behalf and On Behalf of All Individuals Arrested Charged Or Convicted of Robbery With Violence  Or Attempted Robbery With Violence Since 15Th March 2018) V Office of the Director of Publi', 'Kittiny V Republic (Criminal Appeal 56Of2013) 2018Keca851(Klr) (8February2018) (Judgment)', 'Mwaura  2 Others V Republic (Criminal Appeal 5Of2008) 2013Keca541(Klr) (18October2013) (Judgment)'] removed=122
2026-07-12 17:10:41,438 INFO haki_ai.main: DEBUG_REMOVE_SOURCES: sources=['James Kariuki Wagana V Republic 2018Kehc6157(Klr)', 'Katiba Institute (On Its Own Behalf and On Behalf of All Individuals Arrested Charged Or Convicted of Robbery With Violence  Or Attempted Robbery With Violence Since 15Th March 2018) V Office of the Director of Publi', 'Kittiny V Republic (Criminal Appeal 56Of2013) 2018Keca851(Klr) (8February2018) (Judgment)', 'Mwaura  2 Others V Republic (Criminal Appeal 5Of2008) 2013Keca541(Klr) (18October2013) (Judgment)'] removed=0
2026-07-12 17:13:23,915 INFO haki_ai.main: NEW_SESSION: session_id=bb93f3a7 user_type=lawyer
2026-07-12 17:13:35,553 INFO haki_ai.rag_engine: RETRIEVAL: query='robbery with violence' doc_type=all n=8 distances=[0.7046095132827759, 0.8725489974021912, 0.9078425765037537, 0.9643254280090332, 1.051060676574707, 1.0877200365066528, 1.0884957313537598, 1.095542311668396]
2026-07-12 17:13:35,564 INFO haki_ai.rag_engine: RETRIEVAL: query='robbery with violence' doc_type=case_law_pdf n=8 distances=[0.5005007982254028, 0.5301368236541748, 0.6700202226638794, 0.705150306224823, 0.7157268524169922, 0.7660095691680908, 0.8022083044052124, 0.8342188596725464]
2026-07-12 17:17:37,605 ERROR haki_ai.rag_engine: OLLAMA_REQUEST_FAILED: query='robbery with violence' err=HTTPConnectionPool(host='localhost', port=11434): Read timed out. (read timeout=240)
2026-07-12 17:17:37,605 ERROR haki_ai.rag_engine: OLLAMA_NO_ANSWER: query='robbery with violence'
2026-07-12 17:17:37,605 INFO haki_ai.main: CHAT_UNAVAILABLE_RESPONSE: session_id=bb93f3a7 query='robbery with violence'
2026-07-12 17:18:13,294 INFO haki_ai.rag_engine: RETRIEVAL: query='robbery with violence' doc_type=all n=8 distances=[0.7046095132827759, 0.8725489974021912, 0.9078425765037537, 0.9643254280090332, 1.051060676574707, 1.0877200365066528, 1.0884957313537598, 1.095542311668396]
2026-07-12 17:18:14,043 INFO haki_ai.rag_engine: RETRIEVAL: query='robbery with violence' doc_type=case_law_pdf n=8 distances=[0.5005007982254028, 0.5301368236541748, 0.6700202226638794, 0.705150306224823, 0.7157268524169922, 0.7660095691680908, 0.8022083044052124, 0.8342188596725464]
2026-07-12 17:22:16,087 ERROR haki_ai.rag_engine: OLLAMA_REQUEST_FAILED: query='robbery with violence' err=HTTPConnectionPool(host='localhost', port=11434): Read timed out. (read timeout=240)
2026-07-12 17:22:16,233 ERROR haki_ai.rag_engine: OLLAMA_NO_ANSWER: query='robbery with violence'
2026-07-12 17:22:16,243 INFO haki_ai.main: CHAT_UNAVAILABLE_RESPONSE: session_id=bb93f3a7 query='robbery with violence'
2026-07-12 17:26:58,335 INFO haki_ai.rag_engine: RETRIEVAL: query='robbery with violence' doc_type=all n=8 distances=[0.7046095132827759, 0.8725489974021912, 0.9078425765037537, 0.9643254280090332, 1.051060676574707, 1.0877200365066528, 1.0884957313537598, 1.095542311668396]
2026-07-12 17:26:58,350 INFO haki_ai.rag_engine: RETRIEVAL: query='robbery with violence' doc_type=case_law_pdf n=8 distances=[0.5005007982254028, 0.5301368236541748, 0.6700202226638794, 0.705150306224823, 0.7157268524169922, 0.7660095691680908, 0.8022083044052124, 0.8342188596725464]
2026-07-12 17:30:57,261 INFO haki_ai.rag_engine: EXACT_NUMBER_MATCH: query='Section 297 of the Penal Code' number=297 hits=0 (no exact match found)
2026-07-12 17:30:57,471 INFO haki_ai.rag_engine: RETRIEVAL: query='Section 297 of the Penal Code' doc_type=all n=8 distances=[0.6187236309051514, 0.7317609190940857, 0.7482322454452515, 0.7634285688400269, 0.7652387619018555, 0.7657064199447632, 0.772263765335083, 0.77457195520401]
2026-07-12 17:30:57,551 INFO haki_ai.rag_engine: RETRIEVAL: query='Section 297 of the Penal Code' doc_type=case_law_pdf n=8 distances=[0.45850977301597595, 0.7542902827262878, 0.7578954696655273, 0.8277736902236938, 0.8389405608177185, 0.8432764410972595, 0.9174875617027283, 0.9469586610794067]
2026-07-12 17:34:42,195 WARNING haki_ai.rag_engine: UNGROUNDED_SECTION_CITATION: numbers=['297']
2026-07-12 17:34:42,196 WARNING haki_ai.rag_engine: GROUNDING_ISSUES_FOUND (attempt 1, retrying): query='Section 297 of the Penal Code' issues=['- No valid, in-range document or section/clause citation was found backing the answer at all.', '- These cited section/article numbers could not be verified in the provided legal text: 297.'] raw_answer='Unfortunately, I couldn't find any information on Section 297 of the Penal Code in the provided documents. The retrieved legal text only covers sections up to 205, with no further sections mentioned o'
2026-07-12 17:35:25,939 WARNING haki_ai.rag_engine: UNGROUNDED_SECTION_CITATION: numbers=['297']
2026-07-12 17:35:25,941 WARNING haki_ai.rag_engine: GROUNDING_ISSUES_PERSIST (attempt 2, giving up): query='Section 297 of the Penal Code' issues=['- These cited section/article numbers could not be verified in the provided legal text: 297.'] raw_answer='Unfortunately, the retrieved legal text does not address this question. There is no Section 297 of the Penal Code provided in the documents.'
2026-07-12 17:35:25,943 INFO haki_ai.main: CHAT_UNAVAILABLE_RESPONSE: session_id=bb93f3a7 query='Section 297 of the Penal Code'
2026-07-12 17:36:15,877 INFO haki_ai.rag_engine: EXACT_NUMBER_MATCH: query='Section 297 of the Penal Code' number=297 hits=0 (no exact match found)
2026-07-12 17:36:16,312 INFO haki_ai.rag_engine: RETRIEVAL: query='Section 297 of the Penal Code' doc_type=all n=8 distances=[0.6187236309051514, 0.7317609190940857, 0.7482322454452515, 0.7634285688400269, 0.7652387619018555, 0.7657064199447632, 0.772263765335083, 0.77457195520401]
2026-07-12 17:36:16,373 INFO haki_ai.rag_engine: RETRIEVAL: query='Section 297 of the Penal Code' doc_type=case_law_pdf n=8 distances=[0.45850977301597595, 0.7542902827262878, 0.7578954696655273, 0.8277736902236938, 0.8389405608177185, 0.8432764410972595, 0.9174875617027283, 0.9469586610794067]
2026-07-12 17:36:38,821 WARNING haki_ai.rag_engine: UNGROUNDED_SECTION_CITATION: numbers=['297']
2026-07-12 17:36:38,821 WARNING haki_ai.rag_engine: GROUNDING_ISSUES_FOUND (attempt 1, retrying): query='Section 297 of the Penal Code' issues=['- These cited section/article numbers could not be verified in the provided legal text: 297.'] raw_answer='I couldn't find any information on Section 297 of the Penal Code. The provided legal texts only cover Sections 205(1), (2), and (3) of the Penal Code. Therefore, I must say:

"The retrieved legal text'
2026-07-12 17:37:09,445 WARNING haki_ai.rag_engine: UNGROUNDED_SECTION_CITATION: numbers=['297']
2026-07-12 17:37:09,446 WARNING haki_ai.rag_engine: GROUNDING_ISSUES_PERSIST (attempt 2, giving up): query='Section 297 of the Penal Code' issues=['- These cited section/article numbers could not be verified in the provided legal text: 297.'] raw_answer='I couldn't find any information on Section 297 of the Penal Code based on the provided legal text. The retrieved legal text only covers sections up to 205, and there is no mention of section 297. Ther'
2026-07-12 17:37:09,447 INFO haki_ai.main: CHAT_UNAVAILABLE_RESPONSE: session_id=bb93f3a7 query='Section 297 of the Penal Code'
2026-07-12 17:45:43,062 INFO haki_ai.main: SHUTDOWN: Kenyan Legal Assistant API stopping
2026-07-12 17:45:43,471 INFO logic.data_manager: DataManager closed
2026-07-12 17:48:42,373 INFO logic.embeddings: EmbeddingsService initialized
2026-07-12 17:48:46,063 INFO haki_ai.main: STARTUP: Kenyan Legal Assistant API starting
2026-07-12 17:52:42,499 INFO logic.embeddings: Loading model from: D:\projects\kenyan-legal-bot\backend\data\models\all-MiniLM-L6-v2
2026-07-12 17:52:42,505 INFO sentence_transformers.base.model: Loading SentenceTransformer model from D:\projects\kenyan-legal-bot\backend\data\models\all-MiniLM-L6-v2.
2026-07-12 17:52:51,245 INFO logic.embeddings: ✓ Model loaded successfully in 1.5s
  Path: D:\projects\kenyan-legal-bot\backend\data\models\all-MiniLM-L6-v2
  Dimension: 384
  Cache: 4.178680419921875MB
2026-07-12 17:52:51,245 INFO haki_ai.main: EMBEDDINGS_LOADED
2026-07-12 17:53:01,119 INFO haki_ai.rag_engine: RAG_DB_LOADED: count=2092
2026-07-12 17:53:01,125 INFO haki_ai.main: RAG_ENGINE_READY: waited=4.5s doc_count=2092
2026-07-12 17:53:01,132 INFO logic.search_tool: Search tool ready. Topics: 9. Gemini: Configured
2026-07-12 17:53:01,136 INFO haki_ai.main: SEARCH_TOOL_READY: known_topics=9
2026-07-12 17:53:05,306 INFO haki_ai.main: OLLAMA_READY: available_models=['llama3.2:latest'] configured_model=llama3.2:latest
2026-07-12 17:53:05,312 INFO haki_ai.main: STARTUP_COMPLETE
2026-07-12 17:53:43,194 INFO haki_ai.main: NEW_SESSION: session_id=85b71437 user_type=lawyer
2026-07-12 17:53:57,568 INFO haki_ai.rag_engine: RETRIEVAL: query='robbery with violence' doc_type=all n=8 distances=[0.7046095132827759, 0.8725489974021912, 0.9078425765037537, 0.9643254280090332, 1.051060676574707, 1.0877200365066528, 1.0884957313537598, 1.095542311668396]
2026-07-12 17:53:57,686 INFO haki_ai.rag_engine: RETRIEVAL: query='robbery with violence' doc_type=case_law_pdf n=8 distances=[0.5005007982254028, 0.5301368236541748, 0.6700202226638794, 0.705150306224823, 0.7157268524169922, 0.7660095691680908, 0.8022083044052124, 0.8342188596725464]
2026-07-12 17:57:59,748 ERROR haki_ai.rag_engine: OLLAMA_REQUEST_FAILED: query='robbery with violence' err=HTTPConnectionPool(host='localhost', port=11434): Read timed out. (read timeout=240)
2026-07-12 17:57:59,750 ERROR haki_ai.rag_engine: OLLAMA_NO_ANSWER: query='robbery with violence'
2026-07-12 17:57:59,750 INFO haki_ai.main: CHAT_UNAVAILABLE_RESPONSE: session_id=85b71437 query='robbery with violence'
2026-07-12 17:58:24,408 INFO haki_ai.rag_engine: RETRIEVAL: query='robbery with violence' doc_type=all n=8 distances=[0.7046095132827759, 0.8725489974021912, 0.9078425765037537, 0.9643254280090332, 1.051060676574707, 1.0877200365066528, 1.0884957313537598, 1.095542311668396]
2026-07-12 17:58:24,526 INFO haki_ai.rag_engine: RETRIEVAL: query='robbery with violence' doc_type=case_law_pdf n=8 distances=[0.5005007982254028, 0.5301368236541748, 0.6700202226638794, 0.705150306224823, 0.7157268524169922, 0.7660095691680908, 0.8022083044052124, 0.8342188596725464]
2026-07-12 18:08:44,610 INFO haki_ai.rag_engine: EXACT_NUMBER_MATCH: query='Section 205(2) of the Penal Code' number=205 hits=1
2026-07-12 18:08:44,814 INFO haki_ai.rag_engine: RETRIEVAL: query='Section 205(2) of the Penal Code' doc_type=all n=9 distances=[0.0, 0.5120497345924377, 0.5390798449516296, 0.562323272228241, 0.5707805752754211, 0.5747212171554565, 0.6031063199043274, 0.6072527766227722, 0.6084499359130859]
2026-07-12 18:08:44,986 INFO haki_ai.rag_engine: RETRIEVAL: query='Section 205(2) of the Penal Code' doc_type=case_law_pdf n=8 distances=[0.4966416656970978, 0.662647008895874, 0.7270844578742981, 0.7449730634689331, 0.7880138754844666, 0.7896541357040405, 0.8326365947723389, 0.8328254222869873]
2026-07-12 18:12:27,271 INFO haki_ai.rag_engine: EXACT_NUMBER_MATCH: query='Section 207(2) of the Penal Code' number=207 hits=1
2026-07-12 18:12:27,330 INFO haki_ai.rag_engine: RETRIEVAL: query='Section 207(2) of the Penal Code' doc_type=all n=9 distances=[0.0, 0.5443822145462036, 0.5820622444152832, 0.5913135409355164, 0.6043789982795715, 0.6213338375091553, 0.6279775500297546, 0.6326496601104736, 0.6383916735649109]
2026-07-12 18:12:27,379 INFO haki_ai.rag_engine: RETRIEVAL: query='Section 207(2) of the Penal Code' doc_type=case_law_pdf n=8 distances=[0.5167640447616577, 0.6593408584594727, 0.714926540851593, 0.7261911630630493, 0.7836545705795288, 0.7844298481941223, 0.7949479818344116, 0.8230370283126831]
2026-07-13 10:12:05,025 INFO logic.embeddings: EmbeddingsService initialized
2026-07-13 10:12:06,068 INFO haki_ai.main: STARTUP: Kenyan Legal Assistant API starting
2026-07-13 10:14:18,473 INFO logic.embeddings: Loading model from: D:\projects\kenyan-legal-bot\backend\data\models\all-MiniLM-L6-v2
2026-07-13 10:14:18,494 INFO sentence_transformers.base.model: Loading SentenceTransformer model from D:\projects\kenyan-legal-bot\backend\data\models\all-MiniLM-L6-v2.
2026-07-13 10:14:25,697 INFO logic.embeddings: ✓ Model loaded successfully in 2.9s
  Path: D:\projects\kenyan-legal-bot\backend\data\models\all-MiniLM-L6-v2
  Dimension: 384
  Cache: 4.185302734375MB
2026-07-13 10:14:25,697 INFO haki_ai.main: EMBEDDINGS_LOADED
2026-07-13 10:14:34,872 INFO haki_ai.rag_engine: RAG_DB_LOADED: count=2092
2026-07-13 10:14:34,879 INFO haki_ai.main: RAG_ENGINE_READY: waited=8.0s doc_count=2092
2026-07-13 10:14:34,936 INFO logic.search_tool: Search tool ready. Topics: 9. Gemini: Configured
2026-07-13 10:14:34,967 INFO haki_ai.main: SEARCH_TOOL_READY: known_topics=9
2026-07-13 10:14:39,111 INFO haki_ai.main: OLLAMA_READY: available_models=['llama3.2:latest'] configured_model=llama3.2:latest
2026-07-13 10:14:39,117 INFO haki_ai.main: STARTUP_COMPLETE
2026-07-13 10:16:36,793 INFO haki_ai.main: NEW_SESSION: session_id=ddacd57d user_type=lawyer
2026-07-13 10:17:18,839 INFO haki_ai.rag_engine: RETRIEVAL: query='robbery wit violence' doc_type=all n=8 distances=[0.8388992547988892, 0.9651533365249634, 1.0180473327636719, 1.0666807889938354, 1.1487786769866943, 1.181201696395874, 1.194631814956665, 1.2084732055664062]
2026-07-13 10:17:19,835 INFO haki_ai.rag_engine: RETRIEVAL: query='robbery wit violence' doc_type=case_law_pdf n=8 distances=[0.6442535519599915, 0.6801056861877441, 0.8118900656700134, 0.8524703979492188, 0.8856315612792969, 0.9178957939147949, 0.9340137839317322, 0.9824913144111633]
2026-07-13 10:21:21,882 ERROR haki_ai.rag_engine: OLLAMA_REQUEST_FAILED: query='robbery wit violence' err=HTTPConnectionPool(host='localhost', port=11434): Read timed out. (read timeout=240)
2026-07-13 10:21:21,886 ERROR haki_ai.rag_engine: OLLAMA_NO_ANSWER: query='robbery wit violence'
2026-07-13 10:21:21,888 INFO haki_ai.main: CHAT_UNAVAILABLE_RESPONSE: session_id=ddacd57d query='robbery wit violence'
2026-07-13 10:25:39,926 INFO haki_ai.rag_engine: RETRIEVAL: query='robbery with violence' doc_type=all n=8 distances=[0.7046095132827759, 0.8725489974021912, 0.9078425765037537, 0.9643254280090332, 1.051060676574707, 1.0877200365066528, 1.0884957313537598, 1.095542311668396]
2026-07-13 10:25:39,936 INFO haki_ai.rag_engine: RETRIEVAL: query='robbery with violence' doc_type=case_law_pdf n=8 distances=[0.5005007982254028, 0.5301368236541748, 0.6700202226638794, 0.705150306224823, 0.7157268524169922, 0.7660095691680908, 0.8022083044052124, 0.8342188596725464]
2026-07-13 10:29:41,969 ERROR haki_ai.rag_engine: OLLAMA_REQUEST_FAILED: query='robbery with violence' err=HTTPConnectionPool(host='localhost', port=11434): Read timed out. (read timeout=240)
2026-07-13 10:29:42,285 ERROR haki_ai.rag_engine: OLLAMA_NO_ANSWER: query='robbery with violence'
2026-07-13 10:29:42,289 INFO haki_ai.main: CHAT_UNAVAILABLE_RESPONSE: session_id=ddacd57d query='robbery with violence'
2026-07-13 10:29:54,093 INFO haki_ai.rag_engine: RETRIEVAL: query='robbery with violence' doc_type=all n=8 distances=[0.7046095132827759, 0.8725489974021912, 0.9078425765037537, 0.9643254280090332, 1.051060676574707, 1.0877200365066528, 1.0884957313537598, 1.095542311668396]
2026-07-13 10:29:54,126 INFO haki_ai.rag_engine: RETRIEVAL: query='robbery with violence' doc_type=case_law_pdf n=8 distances=[0.5005007982254028, 0.5301368236541748, 0.6700202226638794, 0.705150306224823, 0.7157268524169922, 0.7660095691680908, 0.8022083044052124, 0.8342188596725464]
2026-07-13 10:32:57,912 WARNING haki_ai.rag_engine: GROUNDING_ISSUES_FOUND (attempt 1, retrying): query='robbery with violence' issues=['- No valid, in-range document or section/clause citation was found backing the answer at all.'] raw_answer='Robbery with violence is a serious offense in Kenya, as defined under Section 296 of the Penal Code. To be considered robbery with violence, an offender must meet certain criteria, including being arm'
2026-07-13 10:34:48,981 WARNING haki_ai.rag_engine: SUBSECTION_ATTRIBUTION_MISMATCH: ['"sentenced to death" attributed to Section 296(2), but only found in Section 205(2)', '"sentenced to death" attributed to Section 296(2), but only found in Section 205(2)']
2026-07-13 10:34:48,982 WARNING haki_ai.rag_engine: GROUNDING_ISSUES_PERSIST (attempt 2, giving up): query='robbery with violence' issues=['- These claims cite the wrong subsection for the penalty described: "sentenced to death" attributed to Section 296(2), but only found in Section 205(2); "sentenced to death" attributed to Section 296(2), but only found in Section 205(2).'] raw_answer='To understand what happens when someone is convicted of robbery with violence, let's break down the key points from the relevant sections of the Penal Code.

Firstly, according to Section 296(2) of th'
2026-07-13 10:34:48,982 INFO haki_ai.main: CHAT_UNAVAILABLE_RESPONSE: session_id=ddacd57d query='robbery with violence'
2026-07-13 10:38:48,572 INFO haki_ai.rag_engine: RETRIEVAL: query='robbery with violence' doc_type=all n=8 distances=[0.7046095132827759, 0.8725489974021912, 0.9078425765037537, 0.9643254280090332, 1.051060676574707, 1.0877200365066528, 1.0884957313537598, 1.095542311668396]
2026-07-13 10:38:48,593 INFO haki_ai.rag_engine: RETRIEVAL: query='robbery with violence' doc_type=case_law_pdf n=8 distances=[0.5005007982254028, 0.5301368236541748, 0.6700202226638794, 0.705150306224823, 0.7157268524169922, 0.7660095691680908, 0.8022083044052124, 0.8342188596725464]
2026-07-13 10:40:36,163 WARNING haki_ai.rag_engine: SUBSECTION_ATTRIBUTION_MISMATCH: ['"sentenced to death" attributed to Section 296(2), but only found in Section 205(2)', '"seven years" attributed to Section 296(2), but only found in Section 205(1)']
2026-07-13 10:40:36,164 WARNING haki_ai.rag_engine: GROUNDING_ISSUES_FOUND (attempt 1, retrying): query='robbery with violence' issues=['- These claims cite the wrong subsection for the penalty described: "sentenced to death" attributed to Section 296(2), but only found in Section 205(2); "seven years" attributed to Section 296(2), but only found in Section 205(1).'] raw_answer='To understand the law regarding robbery with violence in Kenya, let's break down the key points. According to Section 296(2) of the Penal Code [DOCUMENT 1], if an offender is armed with any dangerous '
2026-07-13 10:51:38,364 INFO haki_ai.rag_engine: RETRIEVAL: query='robbery with violence' doc_type=all n=8 distances=[0.7046095132827759, 0.8725489974021912, 0.9078425765037537, 0.9643254280090332, 1.051060676574707, 1.0877200365066528, 1.0884957313537598, 1.095542311668396]
2026-07-13 10:51:38,486 INFO haki_ai.rag_engine: RETRIEVAL: query='robbery with violence' doc_type=case_law_pdf n=8 distances=[0.5005007982254028, 0.5301368236541748, 0.6700202226638794, 0.705150306224823, 0.7157268524169922, 0.7660095691680908, 0.8022083044052124, 0.8342188596725464]
2026-07-13 10:53:26,354 WARNING haki_ai.rag_engine: SUBSECTION_ATTRIBUTION_MISMATCH: ['"sentenced to death" attributed to Section 296(2), but only found in Section 205(2)']
2026-07-13 10:53:26,355 WARNING haki_ai.rag_engine: GROUNDING_ISSUES_FOUND (attempt 1, retrying): query='robbery with violence' issues=['- These claims cite the wrong subsection for the penalty described: "sentenced to death" attributed to Section 296(2), but only found in Section 205(2).'] raw_answer='For someone accused of robbery with violence, it's essential to understand the key elements of this offense. According to Section 296(2) of the Penal Code [DOCUMENT 1], if the offender is armed with a'
2026-07-13 10:55:35,496 WARNING haki_ai.rag_engine: OLLAMA_TRUNCATED: query='robbery with violence' raw_len=1253
2026-07-13 10:55:36,019 WARNING haki_ai.rag_engine: SUBSECTION_ATTRIBUTION_MISMATCH: ['"sentenced to death" attributed to Section 296(2), but only found in Section 205(2)', '"seven years" attributed to Section 296(2), but only found in Section 205(1)']
2026-07-13 10:55:36,020 WARNING haki_ai.rag_engine: GROUNDING_ISSUES_PERSIST (attempt 2, giving up): query='robbery with violence' issues=['- These claims cite the wrong subsection for the penalty described: "sentenced to death" attributed to Section 296(2), but only found in Section 205(2); "seven years" attributed to Section 296(2), but only found in Section 205(1).'] raw_answer='To understand what happens when someone is convicted of robbery with violence, we need to look at the relevant sections of the Penal Code. According to Section 296(2) of the Penal Code [DOCUMENT 1], i'
2026-07-13 10:55:36,021 INFO haki_ai.main: CHAT_UNAVAILABLE_RESPONSE: session_id=ddacd57d query='robbery with violence'
2026-07-13 11:02:37,942 INFO haki_ai.rag_engine: RETRIEVAL: query='robbery with violence' doc_type=all n=8 distances=[0.7046095132827759, 0.8725489974021912, 0.9078425765037537, 0.9643254280090332, 1.051060676574707, 1.0877200365066528, 1.0884957313537598, 1.095542311668396]
2026-07-13 11:02:37,980 INFO haki_ai.rag_engine: RETRIEVAL: query='robbery with violence' doc_type=case_law_pdf n=8 distances=[0.5005007982254028, 0.5301368236541748, 0.6700202226638794, 0.705150306224823, 0.7157268524169922, 0.7660095691680908, 0.8022083044052124, 0.8342188596725464]
2026-07-13 11:04:02,830 WARNING haki_ai.rag_engine: SUBSECTION_ATTRIBUTION_MISMATCH: ['"sentenced to death" attributed to Section 296(2), but only found in Section 205(2)', '"sentenced to death" attributed to Section 296(2), but only found in Section 205(2)', '"fourteen years" attributed to Section 296(2), but only found in Section 205(1)']
2026-07-13 11:04:02,921 WARNING haki_ai.rag_engine: GROUNDING_ISSUES_FOUND (attempt 1, retrying): query='robbery with violence' issues=['- These claims cite the wrong subsection for the penalty described: "sentenced to death" attributed to Section 296(2), but only found in Section 205(2); "sentenced to death" attributed to Section 296(2), but only found in Section 205(2); "fourteen years" attributed to Section 296(2), but only found in Section 205(1).'] raw_answer='Robbery with violence is a serious offense in Kenya, as defined under the Penal Code. According to Section 296(2) of the Penal Code [DOCUMENT 1], if an offender is armed with a dangerous or offensive '
2026-07-13 11:05:48,165 WARNING haki_ai.rag_engine: SUBSECTION_ATTRIBUTION_MISMATCH: ['"sentenced to death" attributed to Section 296(2), but only found in Section 205(2)']
2026-07-13 11:05:48,166 WARNING haki_ai.rag_engine: GROUNDING_ISSUES_PERSIST (attempt 2, giving up): query='robbery with violence' issues=['- These claims cite the wrong subsection for the penalty described: "sentenced to death" attributed to Section 296(2), but only found in Section 205(2).'] raw_answer='Robbery with violence is considered a serious offense under Kenyan law. According to Section 205(2) of the Penal Code [DOCUMENT 1], if an offender is armed with a dangerous or offensive weapon or inst'
2026-07-13 11:05:48,167 INFO haki_ai.main: CHAT_UNAVAILABLE_RESPONSE: session_id=ddacd57d query='robbery with violence'
2026-07-13 11:18:03,181 INFO haki_ai.rag_engine: RETRIEVAL: query='robbery with violence' doc_type=all n=8 distances=[0.7046095132827759, 0.8725489974021912, 0.9078425765037537, 0.9643254280090332, 1.051060676574707, 1.0877200365066528, 1.0884957313537598, 1.095542311668396]
2026-07-13 11:18:03,487 INFO haki_ai.rag_engine: RETRIEVAL: query='robbery with violence' doc_type=case_law_pdf n=8 distances=[0.5005007982254028, 0.5301368236541748, 0.6700202226638794, 0.705150306224823, 0.7157268524169922, 0.7660095691680908, 0.8022083044052124, 0.8342188596725464]
2026-07-13 11:22:05,994 ERROR haki_ai.rag_engine: OLLAMA_REQUEST_FAILED: query='robbery with violence' err=HTTPConnectionPool(host='localhost', port=11434): Read timed out. (read timeout=240)
2026-07-13 11:22:05,997 ERROR haki_ai.rag_engine: OLLAMA_NO_ANSWER: query='robbery with violence'
2026-07-13 11:22:06,015 INFO haki_ai.main: CHAT_UNAVAILABLE_RESPONSE: session_id=ddacd57d query='robbery with violence'
2026-07-13 11:25:19,041 INFO haki_ai.rag_engine: RETRIEVAL: query='robbery with violence' doc_type=all n=8 distances=[0.7046095132827759, 0.8725489974021912, 0.9078425765037537, 0.9643254280090332, 1.051060676574707, 1.0877200365066528, 1.0884957313537598, 1.095542311668396]
2026-07-13 11:25:19,164 INFO haki_ai.rag_engine: RETRIEVAL: query='robbery with violence' doc_type=case_law_pdf n=8 distances=[0.5005007982254028, 0.5301368236541748, 0.6700202226638794, 0.705150306224823, 0.7157268524169922, 0.7660095691680908, 0.8022083044052124, 0.8342188596725464]
2026-07-13 11:26:51,618 WARNING haki_ai.rag_engine: SUBSECTION_ATTRIBUTION_MISMATCH: ['"sentenced to death" attributed to Section 296(2), but only found in Section 205(2)', '"sentenced to death" attributed to Section 296(2), but only found in Section 205(2)', '"fourteen years" attributed to Section 296(2), but only found in Section 205(1)']
2026-07-13 11:26:51,620 WARNING haki_ai.rag_engine: GROUNDING_ISSUES_FOUND (attempt 1, retrying): query='robbery with violence' issues=['- These claims cite the wrong subsection for the penalty described: "sentenced to death" attributed to Section 296(2), but only found in Section 205(2); "sentenced to death" attributed to Section 296(2), but only found in Section 205(2); "fourteen years" attributed to Section 296(2), but only found in Section 205(1).'] raw_answer='To understand the law regarding robbery with violence in Kenya, let's break down the key points from the Penal Code. According to Section 296(2) of the Penal Code [DOCUMENT 1], if an offender is armed'
2026-07-13 11:28:59,340 WARNING haki_ai.rag_engine: SUBSECTION_ATTRIBUTION_MISMATCH: ['"seven years" attributed to Section 296(2), but only found in Section 205(1)']
2026-07-13 11:28:59,340 WARNING haki_ai.rag_engine: GROUNDING_ISSUES_PERSIST (attempt 2, giving up): query='robbery with violence' issues=['- These claims cite the wrong subsection for the penalty described: "seven years" attributed to Section 296(2), but only found in Section 205(1).'] raw_answer='In Kenya, robbery with violence is considered a serious offense under the Penal Code. According to Section 205(2) of the Penal Code [DOCUMENT 1], if an offender is armed with any dangerous or offensiv'
2026-07-13 11:28:59,341 INFO haki_ai.main: CHAT_UNAVAILABLE_RESPONSE: session_id=ddacd57d query='robbery with violence'
2026-07-13 12:05:32,636 INFO haki_ai.rag_engine: RETRIEVAL: query='robbery with violence' doc_type=all n=8 distances=[0.7046095132827759, 0.8725489974021912, 0.9078425765037537, 0.9643254280090332, 1.051060676574707, 1.0877200365066528, 1.0884957313537598, 1.095542311668396]
2026-07-13 12:05:32,946 INFO haki_ai.rag_engine: RETRIEVAL: query='robbery with violence' doc_type=case_law_pdf n=8 distances=[0.5005007982254028, 0.5301368236541748, 0.6700202226638794, 0.705150306224823, 0.7157268524169922, 0.7660095691680908, 0.8022083044052124, 0.8342188596725464]
2026-07-13 12:09:22,006 WARNING haki_ai.rag_engine: SUBSECTION_ATTRIBUTION_MISMATCH: ['"sentenced to death" attributed to Section 205(1), but only found in Section 205(2)']
2026-07-13 12:09:22,006 WARNING haki_ai.rag_engine: GROUNDING_ISSUES_FOUND (attempt 1, retrying): query='robbery with violence' issues=['- These claims cite the wrong subsection for the penalty described: "sentenced to death" attributed to Section 205(1), but only found in Section 205(2).'] raw_answer='Robbery with violence is a serious crime in Kenya, as defined by Section 205(1) of the Penal Code [DOCUMENT 3]. According to this section, any person who commits the felony of robbery is liable to imp'
2026-07-13 12:11:17,099 WARNING haki_ai.rag_engine: SUBSECTION_ATTRIBUTION_MISMATCH: ['"sentenced to death" attributed to Section 296(2), but only found in Section 205(2)', '"seven years" attributed to Section 296(2), but only found in Section 205(1)']
2026-07-13 12:11:17,099 WARNING haki_ai.rag_engine: GROUNDING_ISSUES_PERSIST (attempt 2, giving up): query='robbery with violence' issues=['- These claims cite the wrong subsection for the penalty described: "sentenced to death" attributed to Section 296(2), but only found in Section 205(2); "seven years" attributed to Section 296(2), but only found in Section 205(1).'] raw_answer='Robbery with violence is a serious offense in Kenya. According to Section 296(2) of the Penal Code [DOCUMENT 1], if an offender is armed with a dangerous or offensive weapon or instrument, or is in co'
2026-07-13 12:11:17,100 INFO haki_ai.main: CHAT_UNAVAILABLE_RESPONSE: session_id=ddacd57d query='robbery with violence'
2026-07-13 12:53:39,592 INFO haki_ai.main: NEW_SESSION: session_id=06d17142 user_type=lawyer
2026-07-13 13:42:13,147 INFO haki_ai.main: NEW_SESSION: session_id=60a944e9 user_type=lawyer
2026-07-13 21:36:52,273 INFO haki_ai.main: SHUTDOWN: Kenyan Legal Assistant API stopping
2026-07-13 21:36:52,860 INFO logic.data_manager: DataManager closed
2026-07-13 21:37:57,027 INFO logic.embeddings: EmbeddingsService initialized
2026-07-13 21:37:59,081 INFO haki_ai.main: STARTUP: Kenyan Legal Assistant API starting
2026-07-13 21:41:00,001 INFO logic.embeddings: Loading model from: D:\projects\kenyan-legal-bot\backend\data\models\all-MiniLM-L6-v2
2026-07-13 21:41:00,181 INFO sentence_transformers.base.model: Loading SentenceTransformer model from D:\projects\kenyan-legal-bot\backend\data\models\all-MiniLM-L6-v2.
2026-07-13 21:41:04,482 INFO logic.embeddings: ✓ Model loaded successfully in 2.6s
  Path: D:\projects\kenyan-legal-bot\backend\data\models\all-MiniLM-L6-v2
  Dimension: 384
  Cache: 4.1886138916015625MB
2026-07-13 21:41:04,483 INFO haki_ai.main: EMBEDDINGS_LOADED
2026-07-13 21:41:13,553 INFO haki_ai.rag_engine: RAG_DB_LOADED: count=2092
2026-07-13 21:41:13,556 INFO haki_ai.main: RAG_ENGINE_READY: waited=5.5s doc_count=2092
2026-07-13 21:41:13,582 INFO logic.search_tool: Search tool ready. Topics: 9. Gemini: Configured
2026-07-13 21:41:13,585 INFO haki_ai.main: SEARCH_TOOL_READY: known_topics=9
2026-07-13 21:41:17,938 INFO haki_ai.main: OLLAMA_READY: available_models=['llama3.2:latest'] configured_model=llama3.2:latest
2026-07-13 21:41:17,940 INFO haki_ai.main: STARTUP_COMPLETE
2026-07-14 09:54:25,787 INFO logic.embeddings: EmbeddingsService initialized
2026-07-14 09:54:34,460 INFO haki_ai.main: STARTUP: Kenyan Legal Assistant API starting
2026-07-14 09:57:34,975 INFO logic.embeddings: Loading model from: D:\projects\kenyan-legal-bot\backend\data\models\all-MiniLM-L6-v2
2026-07-14 09:57:34,998 INFO sentence_transformers.base.model: Loading SentenceTransformer model from D:\projects\kenyan-legal-bot\backend\data\models\all-MiniLM-L6-v2.
2026-07-14 09:57:35,754 INFO logic.embeddings: ✓ Model loaded successfully in 0.6s
  Path: D:\projects\kenyan-legal-bot\backend\data\models\all-MiniLM-L6-v2
  Dimension: 384
  Cache: 4.1886138916015625MB
2026-07-14 09:57:35,755 INFO haki_ai.main: EMBEDDINGS_LOADED
2026-07-14 09:57:43,738 INFO haki_ai.rag_engine: RAG_DB_LOADED: count=2526
2026-07-14 09:57:43,742 INFO haki_ai.main: RAG_ENGINE_READY: waited=7.0s doc_count=2526
2026-07-14 09:57:43,766 INFO logic.search_tool: Search tool ready. Topics: 9. Gemini: Configured
2026-07-14 09:57:43,782 INFO haki_ai.main: SEARCH_TOOL_READY: known_topics=9
2026-07-14 09:57:47,888 INFO haki_ai.main: OLLAMA_READY: available_models=['llama3.2:latest'] configured_model=llama3.2:latest
2026-07-14 09:57:47,890 INFO haki_ai.main: STARTUP_COMPLETE
2026-07-14 11:08:47,918 INFO haki_ai.main: SHUTDOWN: Kenyan Legal Assistant API stopping
2026-07-14 11:08:47,935 INFO logic.data_manager: DataManager closed
2026-07-14 11:09:47,235 INFO logic.embeddings: EmbeddingsService initialized
2026-07-14 11:09:48,677 INFO haki_ai.main: STARTUP: Kenyan Legal Assistant API starting
2026-07-14 11:11:36,957 INFO logic.embeddings: Loading model from: D:\projects\kenyan-legal-bot\backend\data\models\all-MiniLM-L6-v2
2026-07-14 11:11:36,984 INFO sentence_transformers.base.model: Loading SentenceTransformer model from D:\projects\kenyan-legal-bot\backend\data\models\all-MiniLM-L6-v2.
2026-07-14 11:11:37,958 INFO logic.embeddings: ✓ Model loaded successfully in 0.8s
  Path: D:\projects\kenyan-legal-bot\backend\data\models\all-MiniLM-L6-v2
  Dimension: 384
  Cache: 4.1886138916015625MB
2026-07-14 11:11:37,958 INFO haki_ai.main: EMBEDDINGS_LOADED
2026-07-14 11:11:45,847 INFO haki_ai.rag_engine: RAG_DB_LOADED: count=3605
2026-07-14 11:11:45,850 INFO haki_ai.main: RAG_ENGINE_READY: waited=5.5s doc_count=3605
2026-07-14 11:11:45,886 INFO logic.search_tool: Search tool ready. Topics: 9. Gemini: Configured
2026-07-14 11:11:45,909 INFO haki_ai.main: SEARCH_TOOL_READY: known_topics=9
2026-07-14 11:11:50,107 INFO haki_ai.main: OLLAMA_READY: available_models=['llama3.2:latest'] configured_model=llama3.2:latest
2026-07-14 11:11:50,109 INFO haki_ai.main: STARTUP_COMPLETE
2026-07-14 11:25:03,970 INFO haki_ai.main: SHUTDOWN: Kenyan Legal Assistant API stopping
2026-07-14 11:25:03,991 INFO logic.data_manager: DataManager closed
2026-07-14 11:26:08,183 INFO logic.embeddings: EmbeddingsService initialized
2026-07-14 11:26:09,491 INFO haki_ai.main: STARTUP: Kenyan Legal Assistant API starting
2026-07-14 11:28:16,795 INFO logic.embeddings: Loading model from: D:\projects\kenyan-legal-bot\backend\data\models\all-MiniLM-L6-v2
2026-07-14 11:28:16,801 INFO sentence_transformers.base.model: Loading SentenceTransformer model from D:\projects\kenyan-legal-bot\backend\data\models\all-MiniLM-L6-v2.
2026-07-14 11:28:44,161 INFO logic.embeddings: ✓ Model loaded successfully in 0.7s
  Path: D:\projects\kenyan-legal-bot\backend\data\models\all-MiniLM-L6-v2
  Dimension: 384
  Cache: 4.1886138916015625MB
2026-07-14 11:28:44,161 INFO haki_ai.main: EMBEDDINGS_LOADED
2026-07-14 11:29:15,056 INFO haki_ai.rag_engine: RAG_DB_LOADED: count=3605
2026-07-14 11:29:15,063 INFO haki_ai.main: RAG_ENGINE_READY: waited=28.0s doc_count=3605
2026-07-14 11:29:15,202 INFO logic.search_tool: Search tool ready. Topics: 9. Gemini: Configured
2026-07-14 11:29:15,223 INFO haki_ai.main: SEARCH_TOOL_READY: known_topics=9
2026-07-14 11:29:19,623 INFO haki_ai.main: OLLAMA_READY: available_models=['llama3.2:latest'] configured_model=llama3.2:latest
2026-07-14 11:29:19,629 INFO haki_ai.main: STARTUP_COMPLETE
2026-07-14 11:36:32,716 INFO haki_ai.main: SHUTDOWN: Kenyan Legal Assistant API stopping
2026-07-14 11:36:32,721 INFO logic.data_manager: DataManager closed
2026-07-14 11:36:53,202 INFO logic.embeddings: EmbeddingsService initialized
2026-07-14 11:36:54,263 INFO haki_ai.main: STARTUP: Kenyan Legal Assistant API starting
2026-07-14 11:38:22,403 INFO logic.embeddings: Loading model from: D:\projects\kenyan-legal-bot\backend\data\models\all-MiniLM-L6-v2
2026-07-14 11:38:22,430 INFO sentence_transformers.base.model: Loading SentenceTransformer model from D:\projects\kenyan-legal-bot\backend\data\models\all-MiniLM-L6-v2.
2026-07-14 11:38:23,459 INFO logic.embeddings: ✓ Model loaded successfully in 0.9s
  Path: D:\projects\kenyan-legal-bot\backend\data\models\all-MiniLM-L6-v2
  Dimension: 384
  Cache: 4.1886138916015625MB
2026-07-14 11:38:23,461 INFO haki_ai.main: EMBEDDINGS_LOADED
2026-07-14 11:38:25,966 INFO haki_ai.rag_engine: RAG_DB_LOADED: count=3605
2026-07-14 11:38:26,003 INFO haki_ai.main: RAG_ENGINE_READY: waited=2.5s doc_count=3605
2026-07-14 11:38:26,005 INFO logic.search_tool: Search tool ready. Topics: 9. Gemini: Configured
2026-07-14 11:38:26,007 INFO haki_ai.main: SEARCH_TOOL_READY: known_topics=9
2026-07-14 11:38:31,030 INFO haki_ai.main: OLLAMA_READY: available_models=['llama3.2:latest'] configured_model=llama3.2:latest
2026-07-14 11:38:31,032 INFO haki_ai.main: STARTUP_COMPLETE
2026-07-14 12:27:42,065 INFO haki_ai.main: NEW_SESSION: session_id=7b11eebe user_type=lawyer
2026-07-14 13:17:01,223 INFO logic.embeddings: EmbeddingsService initialized
2026-07-14 13:17:03,094 INFO haki_ai.main: STARTUP: Kenyan Legal Assistant API starting
2026-07-14 13:30:11,741 INFO logic.embeddings: Loading model from: D:\projects\kenyan-legal-bot\backend\data\models\all-MiniLM-L6-v2
2026-07-14 13:30:11,758 INFO sentence_transformers.base.model: Loading SentenceTransformer model from D:\projects\kenyan-legal-bot\backend\data\models\all-MiniLM-L6-v2.
2026-07-14 13:31:41,981 INFO logic.embeddings: ✓ Model loaded successfully in 6.6s
  Path: D:\projects\kenyan-legal-bot\backend\data\models\all-MiniLM-L6-v2
  Dimension: 384
  Cache: 4.1886138916015625MB
2026-07-14 13:31:41,981 INFO haki_ai.main: EMBEDDINGS_LOADED
2026-07-14 13:32:12,514 ERROR haki_ai.main: RAG_ENGINE_NOT_READY: gave up after 30s
2026-07-14 13:32:12,903 INFO logic.search_tool: Search tool ready. Topics: 9. Gemini: Configured
2026-07-14 13:32:13,274 INFO haki_ai.main: SEARCH_TOOL_READY: known_topics=9
2026-07-14 13:32:47,543 INFO haki_ai.main: OLLAMA_READY: available_models=['llama3.2:latest'] configured_model=llama3.2:latest
2026-07-14 13:32:47,552 INFO haki_ai.main: STARTUP_COMPLETE
2026-07-14 13:33:16,547 INFO haki_ai.rag_engine: RAG_DB_LOADED: count=3807
2026-07-14 13:39:14,912 INFO haki_ai.main: NEW_SESSION: session_id=90d43038 user_type=lawyer
2026-07-14 13:39:32,195 INFO haki_ai.rag_engine: RETRIEVAL: query='robbery with violence' doc_type=all n=8 distances=[0.6118260622024536, 0.6428595781326294, 0.650061309337616, 0.7422510385513306, 0.828095555305481, 0.8483068943023682, 0.9167829751968384, 0.9777924418449402]
2026-07-14 13:39:32,314 INFO haki_ai.rag_engine: RETRIEVAL: query='robbery with violence' doc_type=case_law_pdf n=8 distances=[0.5005007982254028, 0.5301368236541748, 0.6700202226638794, 0.705150306224823, 0.7157268524169922, 0.7660095691680908, 0.8022083044052124, 0.8342188596725464]
2026-07-14 13:43:34,983 ERROR haki_ai.rag_engine: OLLAMA_REQUEST_FAILED: query='robbery with violence' err=HTTPConnectionPool(host='localhost', port=11434): Read timed out. (read timeout=240)
2026-07-14 13:43:35,212 ERROR haki_ai.rag_engine: OLLAMA_NO_ANSWER: query='robbery with violence'
2026-07-14 13:43:35,399 INFO haki_ai.main: CHAT_UNAVAILABLE_RESPONSE: session_id=90d43038 query='robbery with violence'
2026-07-14 13:44:04,630 INFO haki_ai.rag_engine: RETRIEVAL: query='robbery with violence' doc_type=all n=8 distances=[0.6118260622024536, 0.6428595781326294, 0.650061309337616, 0.7422510385513306, 0.828095555305481, 0.8483068943023682, 0.9167829751968384, 0.9777924418449402]
2026-07-14 13:44:04,730 INFO haki_ai.rag_engine: RETRIEVAL: query='robbery with violence' doc_type=case_law_pdf n=8 distances=[0.5005007982254028, 0.5301368236541748, 0.6700202226638794, 0.705150306224823, 0.7157268524169922, 0.7660095691680908, 0.8022083044052124, 0.8342188596725464]
2026-07-14 14:02:11,692 INFO haki_ai.rag_engine: RETRIEVAL: query='i inherited land under my name after i got married. can my wife claim it during divorce?' doc_type=all n=8 distances=[0.9648975133895874, 0.9745728373527527, 0.9979751110076904, 1.0060728788375854, 1.0230016708374023, 1.0400099754333496, 1.0430738925933838, 1.0511407852172852]
2026-07-14 14:02:17,842 INFO haki_ai.rag_engine: RETRIEVAL: query='i inherited land under my name after i got married. can my wife claim it during divorce?' doc_type=case_law_pdf n=8 distances=[1.4654996395111084, 1.591140627861023, 1.5998011827468872, 1.618031620979309, 1.6312968730926514, 1.6582660675048828, 1.6637499332427979, 1.6772582530975342]
2026-07-14 14:06:20,031 ERROR haki_ai.rag_engine: OLLAMA_REQUEST_FAILED: query='i inherited land under my name after i got married. can my wife claim it during divorce?' err=HTTPConnectionPool(host='localhost', port=11434): Read timed out. (read timeout=240)
2026-07-14 14:06:20,039 ERROR haki_ai.rag_engine: OLLAMA_NO_ANSWER: query='i inherited land under my name after i got married. can my wife claim it during divorce?'
2026-07-14 14:06:20,041 INFO haki_ai.main: CHAT_UNAVAILABLE_RESPONSE: session_id=90d43038 query='i inherited land under my name after i got married. can my wife claim it during divorce?'
2026-07-14 14:07:20,174 INFO haki_ai.rag_engine: RETRIEVAL: query='i inherited land under my name after i got married. can my wife claim it during divorce?' doc_type=all n=8 distances=[0.9648975133895874, 0.9745728373527527, 0.9979751110076904, 1.0060728788375854, 1.0230016708374023, 1.0400099754333496, 1.0430738925933838, 1.0511407852172852]
2026-07-14 14:07:20,500 INFO haki_ai.rag_engine: RETRIEVAL: query='i inherited land under my name after i got married. can my wife claim it during divorce?' doc_type=case_law_pdf n=8 distances=[1.4654996395111084, 1.591140627861023, 1.5998011827468872, 1.618031620979309, 1.6312968730926514, 1.6582660675048828, 1.6637499332427979, 1.6772582530975342]
2026-07-14 14:17:06,546 INFO haki_ai.rag_engine: RETRIEVAL: query='I inherited land under my name after i got married. can my wife claim it during divorce?' doc_type=all n=8 distances=[0.9648975133895874, 0.9745728373527527, 0.9979751110076904, 1.0060728788375854, 1.0230016708374023, 1.0400099754333496, 1.0430738925933838, 1.0511407852172852]
2026-07-14 14:17:06,735 INFO haki_ai.rag_engine: RETRIEVAL: query='I inherited land under my name after i got married. can my wife claim it during divorce?' doc_type=case_law_pdf n=8 distances=[1.4654996395111084, 1.591140627861023, 1.5998011827468872, 1.618031620979309, 1.6312968730926514, 1.6582660675048828, 1.6637499332427979, 1.6772582530975342]
2026-07-14 14:19:44,552 WARNING haki_ai.rag_engine: OLLAMA_TRUNCATED: query='I inherited land under my name after i got married. can my wife claim it during divorce?' raw_len=1251
2026-07-14 14:37:46,549 INFO haki_ai.rag_engine: RETRIEVAL: query='robbery with violence' doc_type=all n=8 distances=[0.6118260622024536, 0.6428595781326294, 0.650061309337616, 0.7422510385513306, 0.828095555305481, 0.8483068943023682, 0.9167829751968384, 0.9777924418449402]
2026-07-14 14:37:46,592 INFO haki_ai.rag_engine: RETRIEVAL: query='robbery with violence' doc_type=case_law_pdf n=8 distances=[0.5005007982254028, 0.5301368236541748, 0.6700202226638794, 0.705150306224823, 0.7157268524169922, 0.7660095691680908, 0.8022083044052124, 0.8342188596725464]
2026-07-14 14:41:49,577 ERROR haki_ai.rag_engine: OLLAMA_REQUEST_FAILED: query='robbery with violence' err=HTTPConnectionPool(host='localhost', port=11434): Read timed out. (read timeout=240)
2026-07-14 14:41:49,883 ERROR haki_ai.rag_engine: OLLAMA_NO_ANSWER: query='robbery with violence'
2026-07-14 14:41:49,883 INFO haki_ai.main: CHAT_UNAVAILABLE_RESPONSE: session_id=90d43038 query='robbery with violence'
2026-07-14 14:49:56,809 INFO haki_ai.rag_engine: RETRIEVAL: query='robbery with violence' doc_type=all n=8 distances=[0.6118260622024536, 0.6428595781326294, 0.650061309337616, 0.7422510385513306, 0.828095555305481, 0.8483068943023682, 0.9167829751968384, 0.9777924418449402]
2026-07-14 14:49:56,860 INFO haki_ai.rag_engine: RETRIEVAL: query='robbery with violence' doc_type=case_law_pdf n=8 distances=[0.5005007982254028, 0.5301368236541748, 0.6700202226638794, 0.705150306224823, 0.7157268524169922, 0.7660095691680908, 0.8022083044052124, 0.8342188596725464]
2026-07-14 17:10:56,141 INFO haki_ai.main: SHUTDOWN: Kenyan Legal Assistant API stopping
2026-07-14 17:10:56,275 INFO logic.data_manager: DataManager closed
2026-07-14 17:15:16,637 INFO logic.embeddings: EmbeddingsService initialized
2026-07-14 17:15:17,366 INFO haki_ai.main: STARTUP: Kenyan Legal Assistant API starting
2026-07-14 17:19:47,672 INFO logic.embeddings: Loading model from: D:\projects\kenyan-legal-bot\backend\data\models\all-MiniLM-L6-v2
2026-07-14 17:19:47,681 INFO sentence_transformers.base.model: Loading SentenceTransformer model from D:\projects\kenyan-legal-bot\backend\data\models\all-MiniLM-L6-v2.
2026-07-14 17:19:49,329 INFO logic.embeddings: ✓ Model loaded successfully in 1.3s
  Path: D:\projects\kenyan-legal-bot\backend\data\models\all-MiniLM-L6-v2
  Dimension: 384
  Cache: 4.1952362060546875MB
2026-07-14 17:19:49,330 INFO haki_ai.main: EMBEDDINGS_LOADED
2026-07-14 17:19:57,008 INFO haki_ai.rag_engine: RAG_DB_LOADED: count=3807
2026-07-14 17:19:57,012 INFO haki_ai.main: RAG_ENGINE_READY: waited=4.0s doc_count=3807
2026-07-14 17:19:57,015 INFO logic.search_tool: Search tool ready. Topics: 9. Gemini: Configured
2026-07-14 17:19:57,018 INFO haki_ai.main: SEARCH_TOOL_READY: known_topics=9
2026-07-14 17:20:01,148 INFO haki_ai.main: OLLAMA_READY: available_models=['llama3.2:latest'] configured_model=llama3.2:latest
2026-07-14 17:20:01,152 INFO haki_ai.main: STARTUP_COMPLETE
2026-07-14 17:43:24,626 INFO haki_ai.main: NEW_SESSION: session_id=cfbefcf3 user_type=lawyer
2026-07-14 17:43:31,499 INFO haki_ai.rag_engine: RETRIEVAL: query='i inherited land under my name after i got married. can my wife claim it during divorce?' doc_type=all n=8 distances=[0.9648975133895874, 0.9745728373527527, 0.9979751110076904, 1.0060728788375854, 1.0230016708374023, 1.0400099754333496, 1.0430738925933838, 1.0511407852172852]
2026-07-14 17:43:31,526 INFO haki_ai.rag_engine: RETRIEVAL: query='i inherited land under my name after i got married. can my wife claim it during divorce?' doc_type=case_law_pdf n=8 distances=[1.4654996395111084, 1.591140627861023, 1.5998011827468872, 1.618031620979309, 1.6312968730926514, 1.6582660675048828, 1.6637499332427979, 1.6772582530975342]
2026-07-14 17:47:33,595 ERROR haki_ai.rag_engine: OLLAMA_REQUEST_FAILED: query='i inherited land under my name after i got married. can my wife claim it during divorce?' err=HTTPConnectionPool(host='localhost', port=11434): Read timed out. (read timeout=240)
2026-07-14 17:47:33,599 ERROR haki_ai.rag_engine: OLLAMA_NO_ANSWER: query='i inherited land under my name after i got married. can my wife claim it during divorce?'
2026-07-14 17:47:33,600 INFO haki_ai.main: CHAT_UNAVAILABLE_RESPONSE: session_id=cfbefcf3 query='i inherited land under my name after i got married. can my wife claim it during divorce?'
2026-07-14 17:47:46,593 INFO haki_ai.rag_engine: RETRIEVAL: query='i inherited land under my name after i got married. can my wife claim it during divorce?' doc_type=all n=8 distances=[0.9648975133895874, 0.9745728373527527, 0.9979751110076904, 1.0060728788375854, 1.0230016708374023, 1.0400099754333496, 1.0430738925933838, 1.0511407852172852]
2026-07-14 17:47:46,683 INFO haki_ai.rag_engine: RETRIEVAL: query='i inherited land under my name after i got married. can my wife claim it during divorce?' doc_type=case_law_pdf n=8 distances=[1.4654996395111084, 1.591140627861023, 1.5998011827468872, 1.618031620979309, 1.6312968730926514, 1.6582660675048828, 1.6637499332427979, 1.6772582530975342]
2026-07-14 17:50:25,964 WARNING haki_ai.rag_engine: UNGROUNDED_QUOTED_CLAIM: phrases=['in the name of one spouse, there shall be a rebuttable presumption that the property is held in trust for the other spou', 'in the names of the spouses jointly, there shall be rebuttable presumption that their beneficial interests in the matrim']
2026-07-14 17:50:25,968 WARNING haki_ai.rag_engine: GROUNDING_ISSUES_FOUND (attempt 1, retrying): query='i inherited land under my name after i got married. can my wife claim it during divorce?' issues=['- These quoted claims could not be verified verbatim against the source they were attributed to: in the name of one spouse, there shall be a rebuttable presumption that the property is held in trust for the other spou; in the names of the spouses jointly, there shall be rebuttable presumption that their beneficial interests in the matrim.'] raw_answer='If you inherited land under your name after getting married, your wife may claim it during divorce. According to [DOCUMENT 1], section 14(a), "in the name of one spouse, there shall be a rebuttable pr'
2026-07-14 17:52:18,415 WARNING haki_ai.rag_engine: OLLAMA_TRUNCATED: query='i inherited land under my name after i got married. can my wife claim it during divorce?' raw_len=1196
2026-07-14 17:52:18,502 WARNING haki_ai.rag_engine: UNGROUNDED_QUOTED_CLAIM: phrases=['in the name of one spouse, there shall be a rebuttable presumption that the property is held in trust for the other spou', 'in the names of the spouses jointly, there shall be rebuttable presumption that their beneficial interests in the matrim']
2026-07-14 17:52:18,503 WARNING haki_ai.rag_engine: GROUNDING_ISSUES_PERSIST (attempt 2, giving up): query='i inherited land under my name after i got married. can my wife claim it during divorce?' issues=['- These quoted claims could not be verified verbatim against the source they were attributed to: in the name of one spouse, there shall be a rebuttable presumption that the property is held in trust for the other spou; in the names of the spouses jointly, there shall be rebuttable presumption that their beneficial interests in the matrim.'] raw_answer='If you inherited land under your name after getting married, your wife may be able to claim some rights to that property during divorce, but not necessarily the entire amount. According to [DOCUMENT 1'
2026-07-14 17:52:18,701 INFO haki_ai.main: CHAT_UNAVAILABLE_RESPONSE: session_id=cfbefcf3 query='i inherited land under my name after i got married. can my wife claim it during divorce?'
2026-07-14 18:41:39,886 INFO haki_ai.rag_engine: RETRIEVAL: query='i inherited land under my name after i got married. can my wife claim it during divorce?' doc_type=all n=8 distances=[0.9648975133895874, 0.9745728373527527, 0.9979751110076904, 1.0060728788375854, 1.0230016708374023, 1.0400099754333496, 1.0430738925933838, 1.0511407852172852]
2026-07-14 18:41:50,064 INFO haki_ai.rag_engine: RETRIEVAL: query='i inherited land under my name after i got married. can my wife claim it during divorce?' doc_type=case_law_pdf n=8 distances=[1.4654996395111084, 1.591140627861023, 1.5998011827468872, 1.618031620979309, 1.6312968730926514, 1.6582660675048828, 1.6637499332427979, 1.6772582530975342]
2026-07-14 18:57:06,262 INFO haki_ai.rag_engine: RETRIEVAL: query='robbery with violence' doc_type=all n=8 distances=[0.6118260622024536, 0.6428595781326294, 0.650061309337616, 0.7422510385513306, 0.828095555305481, 0.8483068943023682, 0.9167829751968384, 0.9777924418449402]
2026-07-14 18:57:06,413 INFO haki_ai.rag_engine: RETRIEVAL: query='robbery with violence' doc_type=case_law_pdf n=8 distances=[0.5005007982254028, 0.5301368236541748, 0.6700202226638794, 0.705150306224823, 0.7157268524169922, 0.7660095691680908, 0.8022083044052124, 0.8342188596725464]
2026-07-14 20:24:26,228 INFO logic.embeddings: EmbeddingsService initialized
2026-07-14 20:25:19,830 INFO haki_ai.main: STARTUP: Kenyan Legal Assistant API starting
2026-07-14 20:32:05,507 INFO logic.embeddings: Loading model from: D:\projects\kenyan-legal-bot\backend\data\models\all-MiniLM-L6-v2
2026-07-14 20:32:05,527 INFO sentence_transformers.base.model: Loading SentenceTransformer model from D:\projects\kenyan-legal-bot\backend\data\models\all-MiniLM-L6-v2.
2026-07-14 20:32:12,943 INFO logic.embeddings: ✓ Model loaded successfully in 1.8s
  Path: D:\projects\kenyan-legal-bot\backend\data\models\all-MiniLM-L6-v2
  Dimension: 384
  Cache: 4.1952362060546875MB
2026-07-14 20:32:12,943 INFO haki_ai.main: EMBEDDINGS_LOADED
2026-07-14 20:32:21,918 INFO haki_ai.rag_engine: RAG_DB_LOADED: count=3807
2026-07-14 20:32:21,922 INFO haki_ai.main: RAG_ENGINE_READY: waited=6.0s doc_count=3807
2026-07-14 20:32:21,942 INFO logic.search_tool: Search tool ready. Topics: 9. Gemini: Configured
2026-07-14 20:32:21,955 INFO haki_ai.main: SEARCH_TOOL_READY: known_topics=9
2026-07-14 20:32:26,097 INFO haki_ai.main: OLLAMA_READY: available_models=['llama3.2:latest'] configured_model=llama3.2:latest
2026-07-14 20:32:26,104 INFO haki_ai.main: STARTUP_COMPLETE
2026-07-14 20:48:06,885 INFO haki_ai.main: NEW_SESSION: session_id=e2814b2b user_type=lawyer
2026-07-14 20:48:57,469 INFO haki_ai.main: NEW_SESSION: session_id=f23252ae user_type=lawyer
2026-07-14 20:49:08,981 INFO haki_ai.rag_engine: RETRIEVAL: query='I inherited land under my name after i got married. can my wife claim it during divorce?' doc_type=all n=8 distances=[0.9648975133895874, 0.9745728373527527, 0.9979751110076904, 1.0060728788375854, 1.0230016708374023, 1.0400099754333496, 1.0430738925933838, 1.0511407852172852]
2026-07-14 20:49:09,007 INFO haki_ai.rag_engine: RETRIEVAL: query='I inherited land under my name after i got married. can my wife claim it during divorce?' doc_type=case_law_pdf n=8 distances=[1.4654996395111084, 1.591140627861023, 1.5998011827468872, 1.618031620979309, 1.6312968730926514, 1.6582660675048828, 1.6637499332427979, 1.6772582530975342]
2026-07-14 20:53:11,042 ERROR haki_ai.rag_engine: OLLAMA_REQUEST_FAILED: query='I inherited land under my name after i got married. can my wife claim it during divorce?' err=HTTPConnectionPool(host='localhost', port=11434): Read timed out. (read timeout=240)
2026-07-14 20:53:11,043 ERROR haki_ai.rag_engine: OLLAMA_NO_ANSWER: query='I inherited land under my name after i got married. can my wife claim it during divorce?'
2026-07-14 20:53:11,044 INFO haki_ai.main: CHAT_UNAVAILABLE_RESPONSE: session_id=f23252ae query='I inherited land under my name after i got married. can my wife claim it during divorce?'
2026-07-14 20:55:52,603 INFO haki_ai.rag_engine: RETRIEVAL: query='I inherited land under my name after i got married. can my wife claim it during divorce?' doc_type=all n=8 distances=[0.9648975133895874, 0.9745728373527527, 0.9979751110076904, 1.0060728788375854, 1.0230016708374023, 1.0400099754333496, 1.0430738925933838, 1.0511407852172852]
2026-07-14 20:55:52,621 INFO haki_ai.rag_engine: RETRIEVAL: query='I inherited land under my name after i got married. can my wife claim it during divorce?' doc_type=case_law_pdf n=8 distances=[1.4654996395111084, 1.591140627861023, 1.5998011827468872, 1.618031620979309, 1.6312968730926514, 1.6582660675048828, 1.6637499332427979, 1.6772582530975342]
2026-07-14 20:56:51,036 WARNING haki_ai.rag_engine: UNGROUNDED_QUOTED_CLAIM: phrases=['in the name of one spouse, there shall be a rebuttable presumption that the property is held in trust for the other spou']
2026-07-14 20:56:51,038 WARNING haki_ai.rag_engine: GROUNDING_ISSUES_FOUND (attempt 1, retrying): query='I inherited land under my name after i got married. can my wife claim it during divorce?' issues=['- These quoted claims could not be verified verbatim against the source they were attributed to: in the name of one spouse, there shall be a rebuttable presumption that the property is held in trust for the other spou.'] raw_answer='When it comes to inherited land after marriage, the Matrimonial Property Act provides some clarity. According to [DOCUMENT 1], section 14(a), "in the name of one spouse, there shall be a rebuttable pr'
2026-07-14 20:57:57,727 WARNING haki_ai.rag_engine: UNGROUNDED_QUOTED_CLAIM: phrases=['in the name of one spouse, there shall be a rebuttable presumption that the property is held in trust for the other spou']
2026-07-14 20:57:57,728 WARNING haki_ai.rag_engine: GROUNDING_ISSUES_PERSIST (attempt 2, giving up): query='I inherited land under my name after i got married. can my wife claim it during divorce?' issues=['- These quoted claims could not be verified verbatim against the source they were attributed to: in the name of one spouse, there shall be a rebuttable presumption that the property is held in trust for the other spou.'] raw_answer='When it comes to inherited land acquired during marriage, the law is clear. According to [DOCUMENT 1], section 14(a), "in the name of one spouse, there shall be a rebuttable presumption that the prope'
2026-07-14 20:57:57,729 INFO haki_ai.main: CHAT_UNAVAILABLE_RESPONSE: session_id=f23252ae query='I inherited land under my name after i got married. can my wife claim it during divorce?'
2026-07-14 21:01:59,837 INFO haki_ai.rag_engine: RETRIEVAL: query='I inherited land under my name after i got married. can my wife claim it during divorce?' doc_type=all n=8 distances=[0.9648975133895874, 0.9745728373527527, 0.9979751110076904, 1.0060728788375854, 1.0230016708374023, 1.0400099754333496, 1.0430738925933838, 1.0511407852172852]
2026-07-14 21:01:59,859 INFO haki_ai.rag_engine: RETRIEVAL: query='I inherited land under my name after i got married. can my wife claim it during divorce?' doc_type=case_law_pdf n=8 distances=[1.4654996395111084, 1.591140627861023, 1.5998011827468872, 1.618031620979309, 1.6312968730926514, 1.6582660675048828, 1.6637499332427979, 1.6772582530975342]
2026-07-14 21:03:05,859 WARNING haki_ai.rag_engine: UNGROUNDED_QUOTED_CLAIM: phrases=['in the name of one spouse, there shall be a rebuttable presumption that the property is held in trust for the other spou']
2026-07-14 21:03:05,861 WARNING haki_ai.rag_engine: GROUNDING_ISSUES_FOUND (attempt 1, retrying): query='I inherited land under my name after i got married. can my wife claim it during divorce?' issues=['- These quoted claims could not be verified verbatim against the source they were attributed to: in the name of one spouse, there shall be a rebuttable presumption that the property is held in trust for the other spou.'] raw_answer='When it comes to inherited land after marriage, the Matrimonial Property Act provides some clarity. According to [DOCUMENT 1], section 14(a), "in the name of one spouse, there shall be a rebuttable pr'
2026-07-14 21:04:13,611 WARNING haki_ai.rag_engine: UNGROUNDED_QUOTED_CLAIM: phrases=['in the name of one spouse, there shall be a rebuttable presumption that the property is held in trust for the other spou']
2026-07-14 21:04:13,613 WARNING haki_ai.rag_engine: GROUNDING_ISSUES_PERSIST (attempt 2, giving up): query='I inherited land under my name after i got married. can my wife claim it during divorce?' issues=['- These quoted claims could not be verified verbatim against the source they were attributed to: in the name of one spouse, there shall be a rebuttable presumption that the property is held in trust for the other spou.'] raw_answer='When it comes to inherited land acquired during marriage, the law is clear. According to [DOCUMENT 1], section 14(a), "in the name of one spouse, there shall be a rebuttable presumption that the prope'
2026-07-14 21:04:13,613 INFO haki_ai.main: CHAT_UNAVAILABLE_RESPONSE: session_id=f23252ae query='I inherited land under my name after i got married. can my wife claim it during divorce?'
2026-07-14 21:08:15,746 INFO haki_ai.rag_engine: RETRIEVAL: query='I inherited land under my name after i got married. can my wife claim it during divorce?' doc_type=all n=8 distances=[0.9648975133895874, 0.9745728373527527, 0.9979751110076904, 1.0060728788375854, 1.0230016708374023, 1.0400099754333496, 1.0430738925933838, 1.0511407852172852]
2026-07-14 21:08:15,769 INFO haki_ai.rag_engine: RETRIEVAL: query='I inherited land under my name after i got married. can my wife claim it during divorce?' doc_type=case_law_pdf n=8 distances=[1.4654996395111084, 1.591140627861023, 1.5998011827468872, 1.618031620979309, 1.6312968730926514, 1.6582660675048828, 1.6637499332427979, 1.6772582530975342]
2026-07-14 21:09:23,968 WARNING haki_ai.rag_engine: UNGROUNDED_QUOTED_CLAIM: phrases=['in the name of one spouse, there shall be a rebuttable presumption that the property is held in trust for the other spou']
2026-07-14 21:09:23,969 WARNING haki_ai.rag_engine: GROUNDING_ISSUES_FOUND (attempt 1, retrying): query='I inherited land under my name after i got married. can my wife claim it during divorce?' issues=['- These quoted claims could not be verified verbatim against the source they were attributed to: in the name of one spouse, there shall be a rebuttable presumption that the property is held in trust for the other spou.'] raw_answer='When it comes to inherited land after marriage, the Matrimonial Property Act provides some clarity. According to [DOCUMENT 1], section 14(a), "in the name of one spouse, there shall be a rebuttable pr'
2026-07-14 21:10:30,935 WARNING haki_ai.rag_engine: UNGROUNDED_QUOTED_CLAIM: phrases=['in the name of one spouse, there shall be a rebuttable presumption that the property is held in trust for the other spou']
2026-07-14 21:10:30,936 WARNING haki_ai.rag_engine: GROUNDING_ISSUES_PERSIST (attempt 2, giving up): query='I inherited land under my name after i got married. can my wife claim it during divorce?' issues=['- These quoted claims could not be verified verbatim against the source they were attributed to: in the name of one spouse, there shall be a rebuttable presumption that the property is held in trust for the other spou.'] raw_answer='When it comes to inherited land acquired during marriage, the law is clear. According to [DOCUMENT 1], section 14(a), "in the name of one spouse, there shall be a rebuttable presumption that the prope'
2026-07-14 21:10:30,938 INFO haki_ai.main: CHAT_UNAVAILABLE_RESPONSE: session_id=f23252ae query='I inherited land under my name after i got married. can my wife claim it during divorce?'
2026-07-15 09:57:15,315 INFO logic.embeddings: EmbeddingsService initialized
2026-07-15 09:57:16,389 INFO haki_ai.main: STARTUP: Kenyan Legal Assistant API starting
2026-07-15 09:59:00,101 INFO logic.embeddings: Loading model from: D:\projects\kenyan-legal-bot\backend\data\models\all-MiniLM-L6-v2
2026-07-15 09:59:00,125 INFO sentence_transformers.base.model: Loading SentenceTransformer model from D:\projects\kenyan-legal-bot\backend\data\models\all-MiniLM-L6-v2.
2026-07-15 09:59:04,793 INFO logic.embeddings: ✓ Model loaded successfully in 1.2s
  Path: D:\projects\kenyan-legal-bot\backend\data\models\all-MiniLM-L6-v2
  Dimension: 384
  Cache: 4.1952362060546875MB
2026-07-15 09:59:04,793 INFO haki_ai.main: EMBEDDINGS_LOADED
2026-07-15 09:59:12,705 INFO haki_ai.rag_engine: RAG_DB_LOADED: count=3807
2026-07-15 09:59:12,708 INFO haki_ai.main: RAG_ENGINE_READY: waited=5.5s doc_count=3807
2026-07-15 09:59:12,730 INFO logic.search_tool: Search tool ready. Topics: 9. Gemini: Configured
2026-07-15 09:59:12,745 INFO haki_ai.main: SEARCH_TOOL_READY: known_topics=9
2026-07-15 09:59:16,865 INFO haki_ai.main: OLLAMA_READY: available_models=['llama3.2:latest'] configured_model=llama3.2:latest
2026-07-15 09:59:16,868 INFO haki_ai.main: STARTUP_COMPLETE
2026-07-15 10:02:08,107 INFO haki_ai.main: NEW_SESSION: session_id=55717953 user_type=lawyer
2026-07-15 10:02:36,551 INFO haki_ai.main: NEW_SESSION: session_id=833cf1e8 user_type=lawyer
2026-07-15 10:02:43,897 INFO haki_ai.rag_engine: RETRIEVAL: query='i inherited land under my name after i got married. can my wife claim it during divorce?' doc_type=all n=8 distances=[0.9648975133895874, 0.9745728373527527, 0.9979751110076904, 1.0060728788375854, 1.0230016708374023, 1.0400099754333496, 1.0430738925933838, 1.0511407852172852]
2026-07-15 10:02:43,916 INFO haki_ai.rag_engine: RETRIEVAL: query='i inherited land under my name after i got married. can my wife claim it during divorce?' doc_type=case_law_pdf n=8 distances=[1.4654996395111084, 1.591140627861023, 1.5998011827468872, 1.618031620979309, 1.6312968730926514, 1.6582660675048828, 1.6637499332427979, 1.6772582530975342]
2026-07-15 10:06:45,964 ERROR haki_ai.rag_engine: OLLAMA_REQUEST_FAILED: query='i inherited land under my name after i got married. can my wife claim it during divorce?' err=HTTPConnectionPool(host='localhost', port=11434): Read timed out. (read timeout=240)
2026-07-15 10:06:46,055 ERROR haki_ai.rag_engine: OLLAMA_NO_ANSWER: query='i inherited land under my name after i got married. can my wife claim it during divorce?'
2026-07-15 10:06:46,057 INFO haki_ai.main: CHAT_UNAVAILABLE_RESPONSE: session_id=833cf1e8 query='i inherited land under my name after i got married. can my wife claim it during divorce?'
2026-07-15 10:07:05,669 INFO haki_ai.rag_engine: RETRIEVAL: query='i inherited land under my name after i got married. can my wife claim it during divorce?' doc_type=all n=8 distances=[0.9648975133895874, 0.9745728373527527, 0.9979751110076904, 1.0060728788375854, 1.0230016708374023, 1.0400099754333496, 1.0430738925933838, 1.0511407852172852]
2026-07-15 10:07:05,688 INFO haki_ai.rag_engine: RETRIEVAL: query='i inherited land under my name after i got married. can my wife claim it during divorce?' doc_type=case_law_pdf n=8 distances=[1.4654996395111084, 1.591140627861023, 1.5998011827468872, 1.618031620979309, 1.6312968730926514, 1.6582660675048828, 1.6637499332427979, 1.6772582530975342]
2026-07-15 10:08:50,895 INFO haki_ai.rag_engine: RETRIEVAL: query='i inherited land under my name after i got married. can my wife claim it during divorce?' doc_type=all n=8 distances=[0.9648975133895874, 0.9745728373527527, 0.9979751110076904, 1.0060728788375854, 1.0230016708374023, 1.0400099754333496, 1.0430738925933838, 1.0511407852172852]
2026-07-15 10:08:50,912 INFO haki_ai.rag_engine: RETRIEVAL: query='i inherited land under my name after i got married. can my wife claim it during divorce?' doc_type=case_law_pdf n=8 distances=[1.4654996395111084, 1.591140627861023, 1.5998011827468872, 1.618031620979309, 1.6312968730926514, 1.6582660675048828, 1.6637499332427979, 1.6772582530975342]
2026-07-15 10:10:24,584 INFO haki_ai.rag_engine: RETRIEVAL: query='robbery with violence' doc_type=all n=8 distances=[0.6118260622024536, 0.6428595781326294, 0.650061309337616, 0.7422510385513306, 0.828095555305481, 0.8483068943023682, 0.9167829751968384, 0.9777924418449402]
2026-07-15 10:10:24,597 INFO haki_ai.rag_engine: RETRIEVAL: query='robbery with violence' doc_type=case_law_pdf n=8 distances=[0.5005007982254028, 0.5301368236541748, 0.6700202226638794, 0.705150306224823, 0.7157268524169922, 0.7660095691680908, 0.8022083044052124, 0.8342188596725464]
2026-07-15 10:14:26,634 ERROR haki_ai.rag_engine: OLLAMA_REQUEST_FAILED: query='robbery with violence' err=HTTPConnectionPool(host='localhost', port=11434): Read timed out. (read timeout=240)
2026-07-15 10:14:26,686 ERROR haki_ai.rag_engine: OLLAMA_NO_ANSWER: query='robbery with violence'
2026-07-15 10:14:26,686 INFO haki_ai.main: CHAT_UNAVAILABLE_RESPONSE: session_id=833cf1e8 query='robbery with violence'
2026-07-15 10:14:42,490 INFO haki_ai.rag_engine: RETRIEVAL: query='robbery with violence' doc_type=all n=8 distances=[0.6118260622024536, 0.6428595781326294, 0.650061309337616, 0.7422510385513306, 0.828095555305481, 0.8483068943023682, 0.9167829751968384, 0.9777924418449402]
2026-07-15 10:14:42,503 INFO haki_ai.rag_engine: RETRIEVAL: query='robbery with violence' doc_type=case_law_pdf n=8 distances=[0.5005007982254028, 0.5301368236541748, 0.6700202226638794, 0.705150306224823, 0.7157268524169922, 0.7660095691680908, 0.8022083044052124, 0.8342188596725464]
2026-07-15 10:18:15,201 INFO haki_ai.rag_engine: RETRIEVAL: query='robbery with violence' doc_type=all n=8 distances=[0.6118260622024536, 0.6428595781326294, 0.650061309337616, 0.7422510385513306, 0.828095555305481, 0.8483068943023682, 0.9167829751968384, 0.9777924418449402]
2026-07-15 10:18:15,215 INFO haki_ai.rag_engine: RETRIEVAL: query='robbery with violence' doc_type=case_law_pdf n=8 distances=[0.5005007982254028, 0.5301368236541748, 0.6700202226638794, 0.705150306224823, 0.7157268524169922, 0.7660095691680908, 0.8022083044052124, 0.8342188596725464]
2026-07-15 10:20:20,730 INFO haki_ai.rag_engine: RETRIEVAL: query='robbery with violence' doc_type=all n=8 distances=[0.6118260622024536, 0.6428595781326294, 0.650061309337616, 0.7422510385513306, 0.828095555305481, 0.8483068943023682, 0.9167829751968384, 0.9777924418449402]
2026-07-15 10:20:20,745 INFO haki_ai.rag_engine: RETRIEVAL: query='robbery with violence' doc_type=case_law_pdf n=8 distances=[0.5005007982254028, 0.5301368236541748, 0.6700202226638794, 0.705150306224823, 0.7157268524169922, 0.7660095691680908, 0.8022083044052124, 0.8342188596725464]
2026-07-15 10:22:26,466 INFO haki_ai.rag_engine: RETRIEVAL: query='after i got married, i inherited land under my name. can my wife claim it during divorce?' doc_type=all n=8 distances=[0.9663090109825134, 0.9818285703659058, 1.000624179840088, 1.0085654258728027, 1.0410523414611816, 1.0418899059295654, 1.0496656894683838, 1.05433988571167]
2026-07-15 10:22:26,523 INFO haki_ai.rag_engine: RETRIEVAL: query='after i got married, i inherited land under my name. can my wife claim it during divorce?' doc_type=case_law_pdf n=8 distances=[1.4667725563049316, 1.5877552032470703, 1.596872329711914, 1.6229861974716187, 1.6275649070739746, 1.6574318408966064, 1.6640472412109375, 1.6755471229553223]
2026-07-15 10:24:27,971 WARNING haki_ai.rag_engine: UNGROUNDED_QUOTED_CLAIM: phrases=['in the name of one spouse, there shall be a rebuttable presumption that the property is held in trust for the other spou', 'in the names of the spouses jointly, there shall be rebuttable presumption that their beneficial interests in the matrim']
2026-07-15 10:24:27,974 WARNING haki_ai.rag_engine: GROUNDING_ISSUES_FOUND (attempt 1, retrying): query='after i got married, i inherited land under my name. can my wife claim it during divorce?' issues=['- These quoted claims could not be verified verbatim against the source they were attributed to: in the name of one spouse, there shall be a rebuttable presumption that the property is held in trust for the other spou; in the names of the spouses jointly, there shall be rebuttable presumption that their beneficial interests in the matrim.'] raw_answer='When it comes to inherited land during marriage, the Matrimonial Property Act provides some clarity. According to [DOCUMENT 1], section 14(a), "in the name of one spouse, there shall be a rebuttable p'
2026-07-15 10:38:50,778 INFO haki_ai.rag_engine: RETRIEVAL: query='i inherited land under my name after i got married. can my wife claim it during divorce?' doc_type=all n=8 distances=[0.9648975133895874, 0.9745728373527527, 0.9979751110076904, 1.0060728788375854, 1.0230016708374023, 1.0400099754333496, 1.0430738925933838, 1.0511407852172852]
2026-07-15 10:38:50,798 INFO haki_ai.rag_engine: RETRIEVAL: query='i inherited land under my name after i got married. can my wife claim it during divorce?' doc_type=case_law_pdf n=8 distances=[1.4654996395111084, 1.591140627861023, 1.5998011827468872, 1.618031620979309, 1.6312968730926514, 1.6582660675048828, 1.6637499332427979, 1.6772582530975342]
2026-07-15 10:43:30,925 INFO haki_ai.rag_engine: RETRIEVAL: query='after i got married, i inherited land under my name. can my wife claim it during divorce?' doc_type=all n=8 distances=[0.9663090109825134, 0.9818285703659058, 1.000624179840088, 1.0085654258728027, 1.0410523414611816, 1.0418899059295654, 1.0496656894683838, 1.05433988571167]
2026-07-15 10:43:30,949 INFO haki_ai.rag_engine: RETRIEVAL: query='after i got married, i inherited land under my name. can my wife claim it during divorce?' doc_type=case_law_pdf n=8 distances=[1.4667725563049316, 1.5877552032470703, 1.596872329711914, 1.6229861974716187, 1.6275649070739746, 1.6574318408966064, 1.6640472412109375, 1.6755471229553223]
2026-07-15 10:46:09,961 INFO haki_ai.rag_engine: RETRIEVAL: query='robbery with violence' doc_type=all n=8 distances=[0.6118260622024536, 0.6428595781326294, 0.650061309337616, 0.7422510385513306, 0.828095555305481, 0.8483068943023682, 0.9167829751968384, 0.9777924418449402]
2026-07-15 10:46:09,975 INFO haki_ai.rag_engine: RETRIEVAL: query='robbery with violence' doc_type=case_law_pdf n=8 distances=[0.5005007982254028, 0.5301368236541748, 0.6700202226638794, 0.705150306224823, 0.7157268524169922, 0.7660095691680908, 0.8022083044052124, 0.8342188596725464]
2026-07-15 11:06:12,743 INFO haki_ai.rag_engine: RETRIEVAL: query='i inherited land under my name after i got married. can my wife claim it during divorce?' doc_type=all n=8 distances=[0.9648975133895874, 0.9745728373527527, 0.9979751110076904, 1.0060728788375854, 1.0230016708374023, 1.0400099754333496, 1.0430738925933838, 1.0511407852172852]
2026-07-15 11:06:12,956 INFO haki_ai.rag_engine: RETRIEVAL: query='i inherited land under my name after i got married. can my wife claim it during divorce?' doc_type=case_law_pdf n=8 distances=[1.4654996395111084, 1.591140627861023, 1.5998011827468872, 1.618031620979309, 1.6312968730926514, 1.6582660675048828, 1.6637499332427979, 1.6772582530975342]
2026-07-15 11:07:07,484 WARNING haki_ai.rag_engine: UNGROUNDED_QUOTED_CLAIM: phrases=['in the name of one spouse, there shall be a rebuttable presumption that the property is held in trust for the other spou', 'in the names of the spouses jointly, there shall be rebuttable presumption that their beneficial interests in the matrim']
2026-07-15 11:07:07,487 WARNING haki_ai.rag_engine: GROUNDING_ISSUES_FOUND (attempt 1, retrying): query='i inherited land under my name after i got married. can my wife claim it during divorce?' issues=['- These quoted claims could not be verified verbatim against the source they were attributed to: in the name of one spouse, there shall be a rebuttable presumption that the property is held in trust for the other spou; in the names of the spouses jointly, there shall be rebuttable presumption that their beneficial interests in the matrim.'] raw_answer='If you inherited land under your name after getting married, your wife may claim it during divorce. According to [DOCUMENT 1], section 14(a), "in the name of one spouse, there shall be a rebuttable pr'
2026-07-15 11:08:59,762 WARNING haki_ai.rag_engine: OLLAMA_TRUNCATED: query='i inherited land under my name after i got married. can my wife claim it during divorce?' raw_len=1196
2026-07-15 11:08:59,766 WARNING haki_ai.rag_engine: UNGROUNDED_QUOTED_CLAIM: phrases=['in the name of one spouse, there shall be a rebuttable presumption that the property is held in trust for the other spou', 'in the names of the spouses jointly, there shall be rebuttable presumption that their beneficial interests in the matrim']
2026-07-15 11:08:59,773 WARNING haki_ai.rag_engine: GROUNDING_ISSUES_PERSIST (attempt 2, giving up): query='i inherited land under my name after i got married. can my wife claim it during divorce?' issues=['- These quoted claims could not be verified verbatim against the source they were attributed to: in the name of one spouse, there shall be a rebuttable presumption that the property is held in trust for the other spou; in the names of the spouses jointly, there shall be rebuttable presumption that their beneficial interests in the matrim.'] raw_answer='If you inherited land under your name after getting married, your wife may be able to claim some rights to that property during divorce, but not necessarily the entire amount. According to [DOCUMENT 1'
2026-07-15 11:08:59,776 INFO haki_ai.main: CHAT_UNAVAILABLE_RESPONSE: session_id=833cf1e8 query='i inherited land under my name after i got married. can my wife claim it during divorce?'
2026-07-15 11:11:13,927 INFO haki_ai.rag_engine: RETRIEVAL: query='i inherited land under my name after i got married. can my wife claim it during divorce?' doc_type=all n=8 distances=[0.9648975133895874, 0.9745728373527527, 0.9979751110076904, 1.0060728788375854, 1.0230016708374023, 1.0400099754333496, 1.0430738925933838, 1.0511407852172852]
2026-07-15 11:11:15,364 INFO haki_ai.rag_engine: RETRIEVAL: query='i inherited land under my name after i got married. can my wife claim it during divorce?' doc_type=case_law_pdf n=8 distances=[1.4654996395111084, 1.591140627861023, 1.5998011827468872, 1.618031620979309, 1.6312968730926514, 1.6582660675048828, 1.6637499332427979, 1.6772582530975342]
2026-07-15 12:19:54,707 INFO logic.embeddings: EmbeddingsService initialized
2026-07-15 12:19:55,869 INFO haki_ai.main: STARTUP: Kenyan Legal Assistant API starting
2026-07-15 12:22:38,337 INFO logic.embeddings: Loading model from: D:\projects\kenyan-legal-bot\backend\data\models\all-MiniLM-L6-v2
2026-07-15 12:22:38,346 INFO sentence_transformers.base.model: Loading SentenceTransformer model from D:\projects\kenyan-legal-bot\backend\data\models\all-MiniLM-L6-v2.
2026-07-15 12:22:43,581 INFO logic.embeddings: ✓ Model loaded successfully in 1.1s
  Path: D:\projects\kenyan-legal-bot\backend\data\models\all-MiniLM-L6-v2
  Dimension: 384
  Cache: 4.19854736328125MB
2026-07-15 12:22:43,582 INFO haki_ai.main: EMBEDDINGS_LOADED
2026-07-15 12:23:24,297 INFO haki_ai.rag_engine: RAG_DB_LOADED: count=3807
2026-07-15 12:23:24,297 INFO haki_ai.main: RAG_ENGINE_READY: waited=10.0s doc_count=3807
2026-07-15 12:23:24,327 INFO logic.search_tool: Search tool ready. Topics: 9. Gemini: Configured
2026-07-15 12:23:24,330 INFO haki_ai.main: SEARCH_TOOL_READY: known_topics=9
2026-07-15 12:23:28,465 INFO haki_ai.main: OLLAMA_READY: available_models=['llama3.2:latest'] configured_model=llama3.2:latest
2026-07-15 12:23:28,468 INFO haki_ai.main: STARTUP_COMPLETE
2026-07-15 12:27:50,433 INFO haki_ai.main: NEW_SESSION: session_id=c48d1b86 user_type=lawyer
2026-07-15 12:28:07,133 INFO haki_ai.main: NEW_SESSION: session_id=c41629e5 user_type=lawyer
2026-07-15 12:28:14,041 INFO haki_ai.rag_engine: RETRIEVAL: query='i inherited land under my name after i got married. can my wife claim it during divorce?' doc_type=all n=8 distances=[0.9648975133895874, 0.9745728373527527, 0.9979751110076904, 1.0060728788375854, 1.0230016708374023, 1.0400099754333496, 1.0430738925933838, 1.0511407852172852]
2026-07-15 12:28:14,064 INFO haki_ai.rag_engine: RETRIEVAL: query='i inherited land under my name after i got married. can my wife claim it during divorce?' doc_type=case_law_pdf n=8 distances=[1.4654996395111084, 1.591140627861023, 1.5998011827468872, 1.618031620979309, 1.6312968730926514, 1.6582660675048828, 1.6637499332427979, 1.6772582530975342]
2026-07-15 12:32:16,103 ERROR haki_ai.rag_engine: OLLAMA_REQUEST_FAILED: query='i inherited land under my name after i got married. can my wife claim it during divorce?' err=HTTPConnectionPool(host='localhost', port=11434): Read timed out. (read timeout=240)
2026-07-15 12:32:16,103 ERROR haki_ai.rag_engine: OLLAMA_NO_ANSWER: query='i inherited land under my name after i got married. can my wife claim it during divorce?'
2026-07-15 12:32:16,104 INFO haki_ai.main: CHAT_UNAVAILABLE_RESPONSE: session_id=c41629e5 query='i inherited land under my name after i got married. can my wife claim it during divorce?'
2026-07-15 12:32:24,664 INFO haki_ai.main: SESSION_DELETED: session_id=b75baada
2026-07-15 12:32:28,492 INFO haki_ai.main: SESSION_DELETED: session_id=bb93f3a7
2026-07-15 12:32:29,238 INFO haki_ai.main: SESSION_DELETED: session_id=85b71437
2026-07-15 12:32:29,460 INFO haki_ai.main: SESSION_DELETED: session_id=ddacd57d
2026-07-15 12:33:31,503 INFO haki_ai.rag_engine: RETRIEVAL: query='i inherited land under my name after i got married. can my wife claim it during divorce?' doc_type=all n=8 distances=[0.9648975133895874, 0.9745728373527527, 0.9979751110076904, 1.0060728788375854, 1.0230016708374023, 1.0400099754333496, 1.0430738925933838, 1.0511407852172852]
2026-07-15 12:33:31,524 INFO haki_ai.rag_engine: RETRIEVAL: query='i inherited land under my name after i got married. can my wife claim it during divorce?' doc_type=case_law_pdf n=8 distances=[1.4654996395111084, 1.591140627861023, 1.5998011827468872, 1.618031620979309, 1.6312968730926514, 1.6582660675048828, 1.6637499332427979, 1.6772582530975342]
2026-07-15 12:34:56,933 WARNING haki_ai.rag_engine: UNGROUNDED_QUOTED_CLAIM: phrases=['in the names of the spouses jointly, there shall be rebuttable presumption that their beneficial interests in the matrim']
2026-07-15 12:34:56,935 WARNING haki_ai.rag_engine: GROUNDING_ISSUES_FOUND (attempt 1, retrying): query='i inherited land under my name after i got married. can my wife claim it during divorce?' issues=['- These quoted claims could not be verified verbatim against the source they were attributed to: in the names of the spouses jointly, there shall be rebuttable presumption that their beneficial interests in the matrim.'] raw_answer='When it comes to inherited land acquired during marriage, the law in Kenya provides some clarity. According to [DOCUMENT 1], Section 14, "there shall be a rebuttable presumption that the property is h'
2026-07-15 12:36:17,630 WARNING haki_ai.rag_engine: UNGROUNDED_QUOTED_CLAIM: phrases=['in the name of one spouse, there shall be a rebuttable presumption that the property is held in trust for the other spou', 'in the names of the spouses jointly, there shall be rebuttable presumption that their beneficial interests in the matrim']
2026-07-15 12:36:17,631 WARNING haki_ai.rag_engine: GROUNDING_ISSUES_PERSIST (attempt 2, giving up): query='i inherited land under my name after i got married. can my wife claim it during divorce?' issues=['- These quoted claims could not be verified verbatim against the source they were attributed to: in the name of one spouse, there shall be a rebuttable presumption that the property is held in trust for the other spou; in the names of the spouses jointly, there shall be rebuttable presumption that their beneficial interests in the matrim.'] raw_answer='If you inherited land under your name after getting married, your wife may be able to claim some rights to that property during divorce. According to [DOCUMENT 1], section 14(a), "in the name of one s'
2026-07-15 12:36:17,631 INFO haki_ai.main: CHAT_UNAVAILABLE_RESPONSE: session_id=c41629e5 query='i inherited land under my name after i got married. can my wife claim it during divorce?'
2026-07-15 12:56:17,391 INFO haki_ai.rag_engine: RETRIEVAL: query='i inherited land under my name after i got married. can my wife claim it during divorce?' doc_type=all n=8 distances=[0.9648975133895874, 0.9745728373527527, 0.9979751110076904, 1.0060728788375854, 1.0230016708374023, 1.0400099754333496, 1.0430738925933838, 1.0511407852172852]
2026-07-15 12:56:17,518 INFO haki_ai.rag_engine: RETRIEVAL: query='i inherited land under my name after i got married. can my wife claim it during divorce?' doc_type=case_law_pdf n=8 distances=[1.4654996395111084, 1.591140627861023, 1.5998011827468872, 1.618031620979309, 1.6312968730926514, 1.6582660675048828, 1.6637499332427979, 1.6772582530975342]
2026-07-15 14:00:55,101 INFO haki_ai.main: SHUTDOWN: Kenyan Legal Assistant API stopping
2026-07-15 14:00:55,216 INFO logic.data_manager: DataManager closed
2026-07-15 14:03:13,606 INFO logic.embeddings: EmbeddingsService initialized
2026-07-15 14:03:14,184 INFO haki_ai.main: STARTUP: Kenyan Legal Assistant API starting
2026-07-15 14:05:30,708 INFO logic.embeddings: Loading model from: D:\projects\kenyan-legal-bot\backend\data\models\all-MiniLM-L6-v2
2026-07-15 14:05:30,716 INFO sentence_transformers.base.model: Loading SentenceTransformer model from D:\projects\kenyan-legal-bot\backend\data\models\all-MiniLM-L6-v2.
2026-07-15 14:05:33,395 INFO logic.embeddings: ✓ Model loaded successfully in 1.2s
  Path: D:\projects\kenyan-legal-bot\backend\data\models\all-MiniLM-L6-v2
  Dimension: 384
  Cache: 4.19854736328125MB
2026-07-15 14:05:33,396 INFO haki_ai.main: EMBEDDINGS_LOADED
2026-07-15 14:05:49,674 INFO haki_ai.rag_engine: RAG_DB_LOADED: count=3807
2026-07-15 14:05:49,678 INFO haki_ai.main: RAG_ENGINE_READY: waited=6.0s doc_count=3807
2026-07-15 14:05:49,681 INFO logic.search_tool: Search tool ready. Topics: 9. Gemini: Configured
2026-07-15 14:05:49,682 INFO haki_ai.main: SEARCH_TOOL_READY: known_topics=9
2026-07-15 14:05:53,805 INFO haki_ai.main: OLLAMA_READY: available_models=['llama3.2:latest'] configured_model=llama3.2:latest
2026-07-15 14:05:53,811 INFO haki_ai.main: STARTUP_COMPLETE
2026-07-15 15:39:22,557 INFO haki_ai.main: NEW_SESSION: session_id=25f72bfc user_type=lawyer
2026-07-15 16:52:31,891 INFO haki_ai.main: NEW_SESSION: session_id=1631aba5 user_type=lawyer
2026-07-15 16:52:40,277 INFO haki_ai.rag_engine: RETRIEVAL: query='i inherited land under my name after i got married. can my wife claim it during divorce?' doc_type=all n=8 distances=[0.9648975133895874, 0.9745728373527527, 0.9979751110076904, 1.0060728788375854, 1.0230016708374023, 1.0400099754333496, 1.0430738925933838, 1.0511407852172852]
2026-07-15 16:52:41,239 INFO haki_ai.rag_engine: RETRIEVAL: query='i inherited land under my name after i got married. can my wife claim it during divorce?' doc_type=case_law_pdf n=8 distances=[1.4654996395111084, 1.591140627861023, 1.5998011827468872, 1.618031620979309, 1.6312968730926514, 1.6582660675048828, 1.6637499332427979, 1.6772582530975342]
2026-07-15 16:56:52,674 ERROR haki_ai.rag_engine: OLLAMA_REQUEST_FAILED: query='i inherited land under my name after i got married. can my wife claim it during divorce?' err=HTTPConnectionPool(host='localhost', port=11434): Read timed out. (read timeout=240)
2026-07-15 16:56:53,896 ERROR haki_ai.rag_engine: OLLAMA_NO_ANSWER: query='i inherited land under my name after i got married. can my wife claim it during divorce?'
2026-07-15 16:56:54,323 INFO haki_ai.main: CHAT_UNAVAILABLE_RESPONSE: session_id=1631aba5 query='i inherited land under my name after i got married. can my wife claim it during divorce?'
2026-07-15 16:57:01,956 INFO haki_ai.main: SESSION_DELETED: session_id=90d43038
2026-07-15 16:57:11,610 INFO haki_ai.main: SESSION_DELETED: session_id=cfbefcf3
2026-07-15 16:57:13,000 INFO haki_ai.main: SESSION_DELETED: session_id=833cf1e8
2026-07-15 16:57:16,913 INFO haki_ai.rag_engine: RETRIEVAL: query='i inherited land under my name after i got married. can my wife claim it during divorce?' doc_type=all n=8 distances=[0.9648975133895874, 0.9745728373527527, 0.9979751110076904, 1.0060728788375854, 1.0230016708374023, 1.0400099754333496, 1.0430738925933838, 1.0511407852172852]
2026-07-15 16:57:17,052 INFO haki_ai.rag_engine: RETRIEVAL: query='i inherited land under my name after i got married. can my wife claim it during divorce?' doc_type=case_law_pdf n=8 distances=[1.4654996395111084, 1.591140627861023, 1.5998011827468872, 1.618031620979309, 1.6312968730926514, 1.6582660675048828, 1.6637499332427979, 1.6772582530975342]
2026-07-15 17:00:16,644 INFO haki_ai.rag_engine: RETRIEVAL: query='i inherited land under my name after i got married. can my wife claim it during divorce?' doc_type=all n=8 distances=[0.9648975133895874, 0.9745728373527527, 0.9979751110076904, 1.0060728788375854, 1.0230016708374023, 1.0400099754333496, 1.0430738925933838, 1.0511407852172852]
2026-07-15 17:00:16,672 INFO haki_ai.rag_engine: RETRIEVAL: query='i inherited land under my name after i got married. can my wife claim it during divorce?' doc_type=case_law_pdf n=8 distances=[1.4654996395111084, 1.591140627861023, 1.5998011827468872, 1.618031620979309, 1.6312968730926514, 1.6582660675048828, 1.6637499332427979, 1.6772582530975342]
2026-07-15 17:01:59,803 INFO haki_ai.rag_engine: RETRIEVAL: query='After i got married, i inherited land under my name . can my wife claim it during divorce?' doc_type=all n=8 distances=[0.9663090109825134, 0.9818285703659058, 1.000624179840088, 1.0085654258728027, 1.0410523414611816, 1.0418899059295654, 1.0496656894683838, 1.05433988571167]
2026-07-15 17:01:59,881 INFO haki_ai.rag_engine: RETRIEVAL: query='After i got married, i inherited land under my name . can my wife claim it during divorce?' doc_type=case_law_pdf n=8 distances=[1.4667725563049316, 1.5877552032470703, 1.596872329711914, 1.6229861974716187, 1.6275649070739746, 1.6574318408966064, 1.6640472412109375, 1.6755471229553223]
2026-07-15 17:14:04,553 INFO haki_ai.rag_engine: RETRIEVAL: query='robbery with violence' doc_type=all n=8 distances=[0.6118260622024536, 0.6428595781326294, 0.650061309337616, 0.7422510385513306, 0.828095555305481, 0.8483068943023682, 0.9167829751968384, 0.9777924418449402]
2026-07-15 17:14:04,687 INFO haki_ai.rag_engine: RETRIEVAL: query='robbery with violence' doc_type=case_law_pdf n=8 distances=[0.5005007982254028, 0.5301368236541748, 0.6700202226638794, 0.705150306224823, 0.7157268524169922, 0.7660095691680908, 0.8022083044052124, 0.8342188596725464]
2026-07-15 17:18:06,740 ERROR haki_ai.rag_engine: OLLAMA_REQUEST_FAILED: query='robbery with violence' err=HTTPConnectionPool(host='localhost', port=11434): Read timed out. (read timeout=240)
2026-07-15 17:18:06,792 ERROR haki_ai.rag_engine: OLLAMA_NO_ANSWER: query='robbery with violence'
2026-07-15 17:18:06,856 INFO haki_ai.main: CHAT_UNAVAILABLE_RESPONSE: session_id=1631aba5 query='robbery with violence'
2026-07-15 17:41:45,399 INFO logic.embeddings: EmbeddingsService initialized
2026-07-15 17:41:46,731 INFO haki_ai.main: STARTUP: Kenyan Legal Assistant API starting
2026-07-15 17:44:57,735 INFO logic.embeddings: Loading model from: D:\projects\kenyan-legal-bot\backend\data\models\all-MiniLM-L6-v2
2026-07-15 17:44:57,844 INFO sentence_transformers.base.model: Loading SentenceTransformer model from D:\projects\kenyan-legal-bot\backend\data\models\all-MiniLM-L6-v2.
2026-07-15 17:45:09,474 INFO logic.embeddings: ✓ Model loaded successfully in 3.0s
  Path: D:\projects\kenyan-legal-bot\backend\data\models\all-MiniLM-L6-v2
  Dimension: 384
  Cache: 4.2018585205078125MB
2026-07-15 17:45:09,475 INFO haki_ai.main: EMBEDDINGS_LOADED
2026-07-15 17:45:23,992 INFO haki_ai.rag_engine: RAG_DB_LOADED: count=3807
2026-07-15 17:45:23,995 INFO haki_ai.main: RAG_ENGINE_READY: waited=9.5s doc_count=3807
2026-07-15 17:45:24,021 INFO logic.search_tool: Search tool ready. Topics: 9. Gemini: Configured
2026-07-15 17:45:24,036 INFO haki_ai.main: SEARCH_TOOL_READY: known_topics=9
2026-07-15 17:45:28,310 INFO haki_ai.main: OLLAMA_READY: available_models=['llama3.2:latest'] configured_model=llama3.2:latest
2026-07-15 17:45:28,311 INFO haki_ai.main: STARTUP_COMPLETE
2026-07-15 17:47:59,816 INFO haki_ai.main: NEW_SESSION: session_id=25dd370c user_type=lawyer
2026-07-15 17:56:58,291 INFO haki_ai.rag_engine: RETRIEVAL: query='robbery with violence' doc_type=all n=8 distances=[0.6118260622024536, 0.6428595781326294, 0.650061309337616, 0.7422510385513306, 0.828095555305481, 0.8483068943023682, 0.9167829751968384, 0.9777924418449402]
2026-07-15 17:56:58,311 INFO haki_ai.rag_engine: RETRIEVAL: query='robbery with violence' doc_type=case_law_pdf n=8 distances=[0.5005007982254028, 0.5301368236541748, 0.6700202226638794, 0.705150306224823, 0.7157268524169922, 0.7660095691680908, 0.8022083044052124, 0.8342188596725464]
2026-07-15 18:01:00,353 ERROR haki_ai.rag_engine: OLLAMA_REQUEST_FAILED: query='robbery with violence' err=HTTPConnectionPool(host='localhost', port=11434): Read timed out. (read timeout=240)
2026-07-15 18:01:00,694 ERROR haki_ai.rag_engine: OLLAMA_NO_ANSWER: query='robbery with violence'
2026-07-15 18:01:00,695 INFO haki_ai.main: CHAT_UNAVAILABLE_RESPONSE: session_id=25dd370c query='robbery with violence'
2026-07-15 18:03:12,475 INFO haki_ai.rag_engine: RETRIEVAL: query='robbery with violence' doc_type=all n=8 distances=[0.6118260622024536, 0.6428595781326294, 0.650061309337616, 0.7422510385513306, 0.828095555305481, 0.8483068943023682, 0.9167829751968384, 0.9777924418449402]
2026-07-15 18:03:12,492 INFO haki_ai.rag_engine: RETRIEVAL: query='robbery with violence' doc_type=case_law_pdf n=8 distances=[0.5005007982254028, 0.5301368236541748, 0.6700202226638794, 0.705150306224823, 0.7157268524169922, 0.7660095691680908, 0.8022083044052124, 0.8342188596725464]
2026-07-15 18:06:47,182 INFO haki_ai.main: NEW_SESSION: session_id=8fb9d26e user_type=lawyer
2026-07-15 18:11:19,755 INFO haki_ai.main: NEW_SESSION: session_id=14f4a6a4 user_type=lawyer
2026-07-15 18:11:35,905 INFO haki_ai.main: NEW_SESSION: session_id=850d460a user_type=lawyer
2026-07-15 18:11:45,678 INFO haki_ai.rag_engine: RETRIEVAL: query='i inherited land under my name after i got married. can my wife claim it during divorce?' doc_type=all n=8 distances=[0.9648975133895874, 0.9745728373527527, 0.9979751110076904, 1.0060728788375854, 1.0230016708374023, 1.0400099754333496, 1.0430738925933838, 1.0511407852172852]
2026-07-15 18:11:45,699 INFO haki_ai.rag_engine: RETRIEVAL: query='i inherited land under my name after i got married. can my wife claim it during divorce?' doc_type=case_law_pdf n=8 distances=[1.4654996395111084, 1.591140627861023, 1.5998011827468872, 1.618031620979309, 1.6312968730926514, 1.6582660675048828, 1.6637499332427979, 1.6772582530975342]
2026-07-15 18:15:33,042 INFO haki_ai.rag_engine: RETRIEVAL: query='After i got married, i inherited land under my name . can my wife claim it during divorce?' doc_type=all n=8 distances=[0.9663090109825134, 0.9818285703659058, 1.000624179840088, 1.0085654258728027, 1.0410523414611816, 1.0418899059295654, 1.0496656894683838, 1.05433988571167]
2026-07-15 18:15:33,060 INFO haki_ai.rag_engine: RETRIEVAL: query='After i got married, i inherited land under my name . can my wife claim it during divorce?' doc_type=case_law_pdf n=8 distances=[1.4667725563049316, 1.5877552032470703, 1.596872329711914, 1.6229861974716187, 1.6275649070739746, 1.6574318408966064, 1.6640472412109375, 1.6755471229553223]
2026-07-15 20:00:58,111 INFO haki_ai.main: NEW_SESSION: session_id=24f7d146 user_type=lawyer
2026-07-15 20:01:29,295 INFO haki_ai.main: NEW_SESSION: session_id=a9720f47 user_type=lawyer
2026-07-15 20:01:51,092 INFO haki_ai.rag_engine: RETRIEVAL: query='cyber crime' doc_type=all n=8 distances=[1.1712920665740967, 1.1739296913146973, 1.1851664781570435, 1.1854093074798584, 1.204554557800293, 1.2113118171691895, 1.2153289318084717, 1.2259976863861084]
2026-07-15 20:01:51,098 WARNING haki_ai.rag_engine: NO_RELEVANT_RESULTS: query='cyber crime' best_distance=1.1712920665740967
2026-07-15 20:01:51,099 INFO haki_ai.main: CHAT_UNAVAILABLE_RESPONSE: session_id=a9720f47 query='cyber crime'
2026-07-15 20:22:29,861 INFO haki_ai.main: NEW_SESSION: session_id=849460df user_type=lawyer
2026-07-15 20:23:34,431 INFO haki_ai.rag_engine: RETRIEVAL: query='is inherited property considered separate property and is it subject to an automatic 50/50 split during divorce' doc_type=all n=8 distances=[0.7514646053314209, 0.9097922444343567, 0.9644835591316223, 0.9731987118721008, 0.9872865676879883, 0.994094729423523, 1.0151331424713135, 1.0315219163894653]
2026-07-15 20:23:35,193 INFO haki_ai.rag_engine: RETRIEVAL: query='is inherited property considered separate property and is it subject to an automatic 50/50 split during divorce' doc_type=case_law_pdf n=8 distances=[1.5570204257965088, 1.599980354309082, 1.610906958580017, 1.6146742105484009, 1.615033745765686, 1.6640599966049194, 1.6646649837493896, 1.6745896339416504]
2026-07-15 20:27:38,311 ERROR haki_ai.rag_engine: OLLAMA_REQUEST_FAILED: query='is inherited property considered separate property and is it subject to an automatic 50/50 split during divorce' err=HTTPConnectionPool(host='localhost', port=11434): Read timed out. (read timeout=240)
2026-07-15 20:27:38,316 ERROR haki_ai.rag_engine: OLLAMA_NO_ANSWER: query='is inherited property considered separate property and is it subject to an automatic 50/50 split during divorce'
2026-07-15 20:27:38,390 INFO haki_ai.main: CHAT_UNAVAILABLE_RESPONSE: session_id=849460df query='is inherited property considered separate property and is it subject to an automatic 50/50 split during divorce'
2026-07-15 20:38:18,507 INFO haki_ai.rag_engine: RETRIEVAL: query='is inherited property considered separate property and is it subject to an automatic 50/50 split during divorce' doc_type=all n=8 distances=[0.7514646053314209, 0.9097922444343567, 0.9644835591316223, 0.9731987118721008, 0.9872865676879883, 0.994094729423523, 1.0151331424713135, 1.0315219163894653]
2026-07-15 20:38:18,539 INFO haki_ai.rag_engine: RETRIEVAL: query='is inherited property considered separate property and is it subject to an automatic 50/50 split during divorce' doc_type=case_law_pdf n=8 distances=[1.5570204257965088, 1.599980354309082, 1.610906958580017, 1.6146742105484009, 1.615033745765686, 1.6640599966049194, 1.6646649837493896, 1.6745896339416504]
2026-07-15 21:05:22,513 INFO haki_ai.main: SHUTDOWN: Kenyan Legal Assistant API stopping
2026-07-15 21:05:22,634 INFO logic.data_manager: DataManager closed
2026-07-15 21:06:20,013 INFO logic.embeddings: EmbeddingsService initialized
2026-07-15 21:06:21,636 INFO haki_ai.main: STARTUP: Kenyan Legal Assistant API starting
2026-07-15 21:10:15,782 INFO logic.embeddings: Loading model from: D:\projects\kenyan-legal-bot\backend\data\models\all-MiniLM-L6-v2
2026-07-15 21:10:16,161 INFO sentence_transformers.base.model: Loading SentenceTransformer model from D:\projects\kenyan-legal-bot\backend\data\models\all-MiniLM-L6-v2.
2026-07-15 21:10:24,330 INFO logic.embeddings: ✓ Model loaded successfully in 6.7s
  Path: D:\projects\kenyan-legal-bot\backend\data\models\all-MiniLM-L6-v2
  Dimension: 384
  Cache: 4.2084808349609375MB
2026-07-15 21:10:24,330 INFO haki_ai.main: EMBEDDINGS_LOADED
2026-07-15 21:10:48,275 INFO haki_ai.rag_engine: RAG_DB_LOADED: count=3807
2026-07-15 21:10:48,279 INFO haki_ai.main: RAG_ENGINE_READY: waited=20.5s doc_count=3807
2026-07-15 21:10:48,308 INFO logic.search_tool: Search tool ready. Topics: 9. Gemini: Configured
2026-07-15 21:10:48,324 INFO haki_ai.main: SEARCH_TOOL_READY: known_topics=9
2026-07-15 21:10:52,413 INFO haki_ai.main: OLLAMA_READY: available_models=['llama3.2:latest'] configured_model=llama3.2:latest
2026-07-15 21:10:52,416 INFO haki_ai.main: STARTUP_COMPLETE
2026-07-15 21:12:01,493 INFO haki_ai.main: NEW_SESSION: session_id=be99fa0f user_type=lawyer
2026-07-15 21:12:34,288 INFO haki_ai.main: NEW_SESSION: session_id=c52f591b user_type=lawyer
2026-07-15 21:12:57,054 INFO haki_ai.main: NEW_SESSION: session_id=c71d8868 user_type=lawyer
2026-07-15 21:12:57,060 INFO haki_ai.main: NEW_SESSION: session_id=f8fd841b user_type=lawyer
2026-07-15 21:13:14,153 INFO haki_ai.rag_engine: RETRIEVAL: query='After i got married, i inherited land under my name . can my wife claim it during divorce?' doc_type=all n=8 distances=[0.9663090109825134, 0.9818285703659058, 1.000624179840088, 1.0085654258728027, 1.0410523414611816, 1.0418899059295654, 1.0496656894683838, 1.05433988571167]
2026-07-15 21:13:14,172 INFO haki_ai.rag_engine: RETRIEVAL: query='After i got married, i inherited land under my name . can my wife claim it during divorce?' doc_type=case_law_pdf n=8 distances=[1.4667725563049316, 1.5877552032470703, 1.596872329711914, 1.6229861974716187, 1.6275649070739746, 1.6574318408966064, 1.6640472412109375, 1.6755471229553223]
2026-07-15 21:17:16,245 ERROR haki_ai.rag_engine: OLLAMA_REQUEST_FAILED: query='After i got married, i inherited land under my name . can my wife claim it during divorce?' err=HTTPConnectionPool(host='localhost', port=11434): Read timed out. (read timeout=240)
2026-07-15 21:17:16,246 ERROR haki_ai.rag_engine: OLLAMA_NO_ANSWER: query='After i got married, i inherited land under my name . can my wife claim it during divorce?'
2026-07-15 21:17:16,246 INFO haki_ai.main: CHAT_UNAVAILABLE_RESPONSE: session_id=f8fd841b query='After i got married, i inherited land under my name . can my wife claim it during divorce?'
2026-07-15 21:18:44,490 INFO haki_ai.rag_engine: RETRIEVAL: query='After i got married, i inherited land under my name . can my wife claim it during divorce?' doc_type=all n=8 distances=[0.9663090109825134, 0.9818285703659058, 1.000624179840088, 1.0085654258728027, 1.0410523414611816, 1.0418899059295654, 1.0496656894683838, 1.05433988571167]
2026-07-15 21:18:44,509 INFO haki_ai.rag_engine: RETRIEVAL: query='After i got married, i inherited land under my name . can my wife claim it during divorce?' doc_type=case_law_pdf n=8 distances=[1.4667725563049316, 1.5877552032470703, 1.596872329711914, 1.6229861974716187, 1.6275649070739746, 1.6574318408966064, 1.6640472412109375, 1.6755471229553223]
2026-07-15 21:20:00,760 WARNING haki_ai.rag_engine: UNGROUNDED_QUOTED_CLAIM: phrases=['rebuttable presumption that the property is held in trust for the other spouse.']
2026-07-15 21:21:38,750 WARNING haki_ai.rag_engine: FACT_PATTERN_CHECK_UNPARSEABLE: query='After i got married, i inherited land under my name . can my wife claim it during divorce?' raw='INCORRECT
REASON: The answer applies to a scenario where the land is jointly owned, whereas the user's question describes inherited land acquired in o'
2026-07-15 21:21:38,751 WARNING haki_ai.rag_engine: GROUNDING_ISSUES_FOUND (attempt 1, retrying): query='After i got married, i inherited land under my name . can my wife claim it during divorce?' issues=['- These quoted claims could not be verified verbatim against the source they were attributed to: rebuttable presumption that the property is held in trust for the other spouse..'] raw_answer='When it comes to inherited land during marriage, the law in Kenya provides some clarity. According to [DOCUMENT 1], section 14(a), if the land is acquired in one spouse's name, there is a "rebuttable '
2026-07-15 21:25:41,427 ERROR haki_ai.rag_engine: OLLAMA_REQUEST_FAILED: query='After i got married, i inherited land under my name . can my wife claim it during divorce?' err=HTTPConnectionPool(host='localhost', port=11434): Read timed out. (read timeout=240)
2026-07-15 21:25:41,432 ERROR haki_ai.rag_engine: OLLAMA_NO_ANSWER_ON_RETRY: query='After i got married, i inherited land under my name . can my wife claim it during divorce?'
2026-07-15 21:25:41,434 INFO haki_ai.main: CHAT_UNAVAILABLE_RESPONSE: session_id=f8fd841b query='After i got married, i inherited land under my name . can my wife claim it during divorce?'
2026-07-15 21:25:59,864 INFO haki_ai.rag_engine: RETRIEVAL: query='After i got married, i inherited land under my name . can my wife claim it during divorce?' doc_type=all n=8 distances=[0.9663090109825134, 0.9818285703659058, 1.000624179840088, 1.0085654258728027, 1.0410523414611816, 1.0418899059295654, 1.0496656894683838, 1.05433988571167]
2026-07-15 21:26:00,015 INFO haki_ai.rag_engine: RETRIEVAL: query='After i got married, i inherited land under my name . can my wife claim it during divorce?' doc_type=case_law_pdf n=8 distances=[1.4667725563049316, 1.5877552032470703, 1.596872329711914, 1.6229861974716187, 1.6275649070739746, 1.6574318408966064, 1.6640472412109375, 1.6755471229553223]
2026-07-15 21:28:48,359 WARNING haki_ai.rag_engine: FACT_PATTERN_CHECK_UNPARSEABLE: query='After i got married, i inherited land under my name . can my wife claim it during divorce?' raw='INCORRECT
REASON: The answer applies to a scenario where the land is solely in the husband's name, whereas the user's question describes inherited lan'
2026-07-15 21:30:05,942 INFO haki_ai.rag_engine: RETRIEVAL: query='After i got married, i inherited land under my name . can my wife claim it during divorce?' doc_type=all n=8 distances=[0.9663090109825134, 0.9818285703659058, 1.000624179840088, 1.0085654258728027, 1.0410523414611816, 1.0418899059295654, 1.0496656894683838, 1.05433988571167]
2026-07-15 21:30:07,567 INFO haki_ai.rag_engine: RETRIEVAL: query='After i got married, i inherited land under my name . can my wife claim it during divorce?' doc_type=case_law_pdf n=8 distances=[1.4667725563049316, 1.5877552032470703, 1.596872329711914, 1.6229861974716187, 1.6275649070739746, 1.6574318408966064, 1.6640472412109375, 1.6755471229553223]
2026-07-15 21:34:09,716 ERROR haki_ai.rag_engine: OLLAMA_REQUEST_FAILED: query='After i got married, i inherited land under my name . can my wife claim it during divorce?' err=HTTPConnectionPool(host='localhost', port=11434): Read timed out. (read timeout=240)
2026-07-15 21:34:09,749 ERROR haki_ai.rag_engine: OLLAMA_NO_ANSWER: query='After i got married, i inherited land under my name . can my wife claim it during divorce?'
2026-07-15 21:34:09,752 INFO haki_ai.main: CHAT_UNAVAILABLE_RESPONSE: session_id=f8fd841b query='After i got married, i inherited land under my name . can my wife claim it during divorce?'
2026-07-15 21:43:48,277 INFO haki_ai.rag_engine: RETRIEVAL: query='After i got married, i inherited land under my name . can my wife claim it during divorce?' doc_type=all n=8 distances=[0.9663090109825134, 0.9818285703659058, 1.000624179840088, 1.0085654258728027, 1.0410523414611816, 1.0418899059295654, 1.0496656894683838, 1.05433988571167]
2026-07-15 21:43:48,403 INFO haki_ai.rag_engine: RETRIEVAL: query='After i got married, i inherited land under my name . can my wife claim it during divorce?' doc_type=case_law_pdf n=8 distances=[1.4667725563049316, 1.5877552032470703, 1.596872329711914, 1.6229861974716187, 1.6275649070739746, 1.6574318408966064, 1.6640472412109375, 1.6755471229553223]
2026-07-15 21:45:01,602 WARNING haki_ai.rag_engine: UNGROUNDED_QUOTED_CLAIM: phrases=['rebuttable presumption that the property is held in trust for the other spouse.']
2026-07-15 21:46:55,166 WARNING haki_ai.rag_engine: FACT_PATTERN_CHECK_UNPARSEABLE: query='After i got married, i inherited land under my name . can my wife claim it during divorce?' raw='INCORRECT
REASON: The answer applies to a scenario where the land is jointly owned, whereas the user's question describes inherited land acquired in o'
2026-07-15 21:46:55,170 WARNING haki_ai.rag_engine: GROUNDING_ISSUES_FOUND (attempt 1, retrying): query='After i got married, i inherited land under my name . can my wife claim it during divorce?' issues=['- These quoted claims could not be verified verbatim against the source they were attributed to: rebuttable presumption that the property is held in trust for the other spouse..'] raw_answer='When it comes to inherited land during marriage, the law in Kenya provides some clarity. According to [DOCUMENT 1], section 14(a), if the land is acquired in one spouse's name, there is a "rebuttable '
2026-07-15 21:50:48,172 WARNING haki_ai.rag_engine: OLLAMA_TRUNCATED: query='After i got married, i inherited land under my name . can my wife claim it during divorce?' raw_len=1159
2026-07-15 21:50:48,568 WARNING haki_ai.rag_engine: UNGROUNDED_QUOTED_CLAIM: phrases=['rebuttable presumption that the property is held in trust for the other spouse.']
2026-07-15 21:52:14,433 WARNING haki_ai.rag_engine: FACT_PATTERN_CHECK_UNPARSEABLE: query='After i got married, i inherited land under my name . can my wife claim it during divorce?' raw='INCORRECT
REASON: The answer applies to a scenario where the land is held jointly, but the user's question describes inheriting land under their name '
2026-07-15 21:52:14,435 WARNING haki_ai.rag_engine: GROUNDING_ISSUES_PERSIST (attempt 2, giving up): query='After i got married, i inherited land under my name . can my wife claim it during divorce?' issues=['- These quoted claims could not be verified verbatim against the source they were attributed to: rebuttable presumption that the property is held in trust for the other spouse..'] raw_answer='When it comes to inherited land during marriage, the Matrimonial Property Act provides some clarity. According to [DOCUMENT 1], section 14(a), if the land is acquired in the name of one spouse, there '
2026-07-15 21:52:14,439 INFO haki_ai.main: CHAT_UNAVAILABLE_RESPONSE: session_id=f8fd841b query='After i got married, i inherited land under my name . can my wife claim it during divorce?'
2026-07-15 21:53:06,221 INFO haki_ai.rag_engine: RETRIEVAL: query='After i got married, i inherited land under my name . can my wife claim it during divorce?' doc_type=all n=8 distances=[0.9663090109825134, 0.9818285703659058, 1.000624179840088, 1.0085654258728027, 1.0410523414611816, 1.0418899059295654, 1.0496656894683838, 1.05433988571167]
2026-07-15 21:53:06,243 INFO haki_ai.rag_engine: RETRIEVAL: query='After i got married, i inherited land under my name . can my wife claim it during divorce?' doc_type=case_law_pdf n=8 distances=[1.4667725563049316, 1.5877552032470703, 1.596872329711914, 1.6229861974716187, 1.6275649070739746, 1.6574318408966064, 1.6640472412109375, 1.6755471229553223]
2026-07-15 21:58:20,623 WARNING haki_ai.rag_engine: FACT_PATTERN_CHECK_UNPARSEABLE: query='After i got married, i inherited land under my name . can my wife claim it during divorce?' raw='INCORRECT
REASON: The answer applies to a scenario where the land is solely in the husband's name, whereas the user's question describes inherited lan'
2026-07-15 22:04:34,024 INFO haki_ai.rag_engine: RETRIEVAL: query='robbery with violence' doc_type=all n=8 distances=[0.6118260622024536, 0.6428595781326294, 0.650061309337616, 0.7422510385513306, 0.828095555305481, 0.8483068943023682, 0.9167829751968384, 0.9777924418449402]
2026-07-15 22:04:34,044 INFO haki_ai.rag_engine: RETRIEVAL: query='robbery with violence' doc_type=case_law_pdf n=8 distances=[0.5005007982254028, 0.5301368236541748, 0.6700202226638794, 0.705150306224823, 0.7157268524169922, 0.7660095691680908, 0.8022083044052124, 0.8342188596725464]
2026-07-15 22:08:36,099 ERROR haki_ai.rag_engine: OLLAMA_REQUEST_FAILED: query='robbery with violence' err=HTTPConnectionPool(host='localhost', port=11434): Read timed out. (read timeout=240)
2026-07-15 22:08:36,107 ERROR haki_ai.rag_engine: OLLAMA_NO_ANSWER: query='robbery with violence'
2026-07-15 22:08:36,108 INFO haki_ai.main: CHAT_UNAVAILABLE_RESPONSE: session_id=f8fd841b query='robbery with violence'
2026-07-16 11:14:29,563 INFO logic.embeddings: EmbeddingsService initialized
2026-07-16 11:14:37,181 INFO haki_ai.main: STARTUP: Kenyan Legal Assistant API starting
2026-07-16 11:17:57,692 INFO logic.embeddings: Loading model from: D:\projects\kenyan-legal-bot\backend\data\models\all-MiniLM-L6-v2
2026-07-16 11:17:57,703 INFO sentence_transformers.base.model: Loading SentenceTransformer model from D:\projects\kenyan-legal-bot\backend\data\models\all-MiniLM-L6-v2.
2026-07-16 11:18:04,803 INFO logic.embeddings: ✓ Model loaded successfully in 2.5s
  Path: D:\projects\kenyan-legal-bot\backend\data\models\all-MiniLM-L6-v2
  Dimension: 384
  Cache: 4.2084808349609375MB
2026-07-16 11:18:04,804 INFO haki_ai.main: EMBEDDINGS_LOADED
2026-07-16 11:18:10,665 INFO haki_ai.rag_engine: RAG_DB_LOADED: count=3807
2026-07-16 11:18:10,670 INFO haki_ai.main: RAG_ENGINE_READY: waited=3.5s doc_count=3807
2026-07-16 11:18:10,978 INFO logic.search_tool: Search tool ready. Topics: 9. Gemini: Configured
2026-07-16 11:18:11,005 INFO haki_ai.main: SEARCH_TOOL_READY: known_topics=9
2026-07-16 11:18:15,246 INFO haki_ai.main: OLLAMA_READY: available_models=['llama3.2:latest'] configured_model=llama3.2:latest
2026-07-16 11:18:15,248 INFO haki_ai.main: STARTUP_COMPLETE
2026-07-16 12:10:51,122 INFO logic.embeddings: EmbeddingsService initialized
2026-07-16 12:10:52,355 INFO haki_ai.main: STARTUP: Kenyan Legal Assistant API starting
2026-07-16 12:12:57,891 INFO logic.embeddings: Loading model from: D:\projects\kenyan-legal-bot\backend\data\models\all-MiniLM-L6-v2
2026-07-16 12:12:57,915 INFO sentence_transformers.base.model: Loading SentenceTransformer model from D:\projects\kenyan-legal-bot\backend\data\models\all-MiniLM-L6-v2.
2026-07-16 12:13:03,482 INFO logic.embeddings: ✓ Model loaded successfully in 1.4s
  Path: D:\projects\kenyan-legal-bot\backend\data\models\all-MiniLM-L6-v2
  Dimension: 384
  Cache: 4.2084808349609375MB
2026-07-16 12:13:03,483 INFO haki_ai.main: EMBEDDINGS_LOADED
2026-07-16 12:13:12,905 INFO haki_ai.rag_engine: RAG_DB_LOADED: count=3807
2026-07-16 12:13:12,909 INFO haki_ai.main: RAG_ENGINE_READY: waited=7.0s doc_count=3807
2026-07-16 12:13:12,932 INFO logic.search_tool: Search tool ready. Topics: 9. Gemini: Configured
2026-07-16 12:13:12,948 INFO haki_ai.main: SEARCH_TOOL_READY: known_topics=9
2026-07-16 12:13:17,042 INFO haki_ai.main: OLLAMA_READY: available_models=['llama3.2:latest'] configured_model=llama3.2:latest
2026-07-16 12:13:17,044 INFO haki_ai.main: STARTUP_COMPLETE
2026-07-16 12:42:56,525 INFO haki_ai.main: SHUTDOWN: Kenyan Legal Assistant API stopping
2026-07-16 12:42:56,544 INFO logic.data_manager: DataManager closed
2026-07-16 13:33:30,874 INFO logic.embeddings: EmbeddingsService initialized
2026-07-16 13:33:31,343 INFO haki_ai.main: STARTUP: Kenyan Legal Assistant API starting
2026-07-16 13:34:55,020 INFO logic.embeddings: Loading model from: D:\projects\kenyan-legal-bot\backend\data\models\all-MiniLM-L6-v2
2026-07-16 13:34:55,026 INFO sentence_transformers.base.model: Loading SentenceTransformer model from D:\projects\kenyan-legal-bot\backend\data\models\all-MiniLM-L6-v2.
2026-07-16 13:35:27,104 INFO logic.embeddings: ✓ Model loaded successfully in 19.6s
  Path: D:\projects\kenyan-legal-bot\backend\data\models\all-MiniLM-L6-v2
  Dimension: 384
  Cache: 4.2084808349609375MB
2026-07-16 13:35:27,105 INFO haki_ai.main: EMBEDDINGS_LOADED
2026-07-16 13:35:31,690 INFO haki_ai.rag_engine: RAG_DB_LOADED: count=3807
2026-07-16 13:35:31,694 INFO haki_ai.main: RAG_ENGINE_READY: waited=2.5s doc_count=3807
2026-07-16 13:35:31,770 INFO logic.search_tool: Search tool ready. Topics: 9. Gemini: Configured
2026-07-16 13:35:31,772 INFO haki_ai.main: SEARCH_TOOL_READY: known_topics=9
2026-07-16 13:35:36,133 INFO haki_ai.main: OLLAMA_READY: available_models=['llama3.2:latest'] configured_model=llama3.2:latest
2026-07-16 13:35:36,136 INFO haki_ai.main: STARTUP_COMPLETE
2026-07-16 13:44:28,614 INFO haki_ai.main: NEW_SESSION: session_id=d1175047 user_type=lawyer
2026-07-16 13:44:43,091 INFO haki_ai.main: NEW_SESSION: session_id=81942bdd user_type=lawyer
2026-07-16 13:44:50,971 INFO haki_ai.rag_engine: RETRIEVAL: query='After i got married, i inherited land under my name . can my wife claim it during divorce?' doc_type=all n=8 distances=[0.9663090109825134, 0.9818285703659058, 1.000624179840088, 1.0085654258728027, 1.0410523414611816, 1.0418899059295654, 1.0496656894683838, 1.05433988571167]
2026-07-16 13:44:50,994 INFO haki_ai.rag_engine: RETRIEVAL: query='After i got married, i inherited land under my name . can my wife claim it during divorce?' doc_type=case_law_pdf n=8 distances=[1.4667725563049316, 1.5877552032470703, 1.596872329711914, 1.6229861974716187, 1.6275649070739746, 1.6574318408966064, 1.6640472412109375, 1.6755471229553223]
2026-07-16 13:48:53,057 ERROR haki_ai.rag_engine: OLLAMA_REQUEST_FAILED: query='After i got married, i inherited land under my name . can my wife claim it during divorce?' err=HTTPConnectionPool(host='localhost', port=11434): Read timed out. (read timeout=240)
2026-07-16 13:48:53,060 ERROR haki_ai.rag_engine: OLLAMA_NO_ANSWER: query='After i got married, i inherited land under my name . can my wife claim it during divorce?'
2026-07-16 13:48:53,061 INFO haki_ai.main: CHAT_UNAVAILABLE_RESPONSE: session_id=81942bdd query='After i got married, i inherited land under my name . can my wife claim it during divorce?'
2026-07-16 13:50:47,013 INFO haki_ai.rag_engine: RETRIEVAL: query='After i got married, i inherited land under my name . can my wife claim it during divorce?' doc_type=all n=8 distances=[0.9663090109825134, 0.9818285703659058, 1.000624179840088, 1.0085654258728027, 1.0410523414611816, 1.0418899059295654, 1.0496656894683838, 1.05433988571167]
2026-07-16 13:50:47,035 INFO haki_ai.rag_engine: RETRIEVAL: query='After i got married, i inherited land under my name . can my wife claim it during divorce?' doc_type=case_law_pdf n=8 distances=[1.4667725563049316, 1.5877552032470703, 1.596872329711914, 1.6229861974716187, 1.6275649070739746, 1.6574318408966064, 1.6640472412109375, 1.6755471229553223]
2026-07-16 13:54:49,099 ERROR haki_ai.rag_engine: OLLAMA_REQUEST_FAILED: query='After i got married, i inherited land under my name . can my wife claim it during divorce?' err=HTTPConnectionPool(host='localhost', port=11434): Read timed out. (read timeout=240)
2026-07-16 13:54:49,177 ERROR haki_ai.rag_engine: OLLAMA_NO_ANSWER: query='After i got married, i inherited land under my name . can my wife claim it during divorce?'
2026-07-16 13:54:49,207 INFO haki_ai.main: CHAT_UNAVAILABLE_RESPONSE: session_id=81942bdd query='After i got married, i inherited land under my name . can my wife claim it during divorce?'
2026-07-16 13:55:00,609 INFO haki_ai.rag_engine: RETRIEVAL: query='After i got married, i inherited land under my name . can my wife claim it during divorce?' doc_type=all n=8 distances=[0.9663090109825134, 0.9818285703659058, 1.000624179840088, 1.0085654258728027, 1.0410523414611816, 1.0418899059295654, 1.0496656894683838, 1.05433988571167]
2026-07-16 13:55:00,642 INFO haki_ai.rag_engine: RETRIEVAL: query='After i got married, i inherited land under my name . can my wife claim it during divorce?' doc_type=case_law_pdf n=8 distances=[1.4667725563049316, 1.5877552032470703, 1.596872329711914, 1.6229861974716187, 1.6275649070739746, 1.6574318408966064, 1.6640472412109375, 1.6755471229553223]
2026-07-16 13:58:06,342 WARNING haki_ai.rag_engine: FACT_PATTERN_MISMATCH: query='After i got married, i inherited land under my name . can my wife claim it during divorce?' reason='The answer applies to a scenario where the land is jointly owned, whereas the user's question describes inherited land acquired in one spouse's name only.'
2026-07-16 13:58:06,343 WARNING haki_ai.rag_engine: GROUNDING_ISSUES_FOUND (attempt 1, retrying): query='After i got married, i inherited land under my name . can my wife claim it during divorce?' issues=["- The answer's conclusion may not match the specific facts in the question: The answer applies to a scenario where the land is jointly owned, whereas the user's question describes inherited land acquired in one spouse's name only."] raw_answer='When it comes to inherited land during marriage, the law in Kenya provides some clarity. According to [DOCUMENT 1], section 14(a), if the land is acquired in one spouse's name, there is a "rebuttable '
2026-07-16 14:03:08,466 WARNING haki_ai.rag_engine: FACT_PATTERN_MISMATCH: query='After i got married, i inherited land under my name . can my wife claim it during divorce?' reason='The answer assumes joint ownership of the land, which is not mentioned in the original question.'
2026-07-16 14:03:08,469 WARNING haki_ai.rag_engine: GROUNDING_ISSUES_PERSIST (attempt 2, giving up): query='After i got married, i inherited land under my name . can my wife claim it during divorce?' issues=["- The answer's conclusion may not match the specific facts in the question: The answer assumes joint ownership of the land, which is not mentioned in the original question."] raw_answer='I'd be happy to help you understand your situation. According to the Matrimonial Property Act [DOCUMENT 1], if you inherited land under your name during marriage, there is a "rebuttable presumption th'
2026-07-16 14:03:08,478 INFO haki_ai.main: CHAT_UNAVAILABLE_RESPONSE: session_id=81942bdd query='After i got married, i inherited land under my name . can my wife claim it during divorce?'
2026-07-16 14:03:22,934 INFO haki_ai.rag_engine: RETRIEVAL: query='After i got married, i inherited land under my name . can my wife claim it during divorce?' doc_type=all n=8 distances=[0.9663090109825134, 0.9818285703659058, 1.000624179840088, 1.0085654258728027, 1.0410523414611816, 1.0418899059295654, 1.0496656894683838, 1.05433988571167]
2026-07-16 14:03:23,103 INFO haki_ai.rag_engine: RETRIEVAL: query='After i got married, i inherited land under my name . can my wife claim it during divorce?' doc_type=case_law_pdf n=8 distances=[1.4667725563049316, 1.5877552032470703, 1.596872329711914, 1.6229861974716187, 1.6275649070739746, 1.6574318408966064, 1.6640472412109375, 1.6755471229553223]
2026-07-16 14:08:30,868 WARNING haki_ai.rag_engine: FACT_PATTERN_MISMATCH: query='After i got married, i inherited land under my name . can my wife claim it during divorce?' reason='The answer applies to a scenario where the land is solely in the husband's name, whereas the user's question describes inherited land under both names.'
2026-07-16 14:08:30,881 WARNING haki_ai.rag_engine: GROUNDING_ISSUES_FOUND (attempt 1, retrying): query='After i got married, i inherited land under my name . can my wife claim it during divorce?' issues=["- The answer's conclusion may not match the specific facts in the question: The answer applies to a scenario where the land is solely in the husband's name, whereas the user's question describes inherited land under both names."] raw_answer='When it comes to inherited land during marriage, the law in Kenya provides some clarity. According to [DOCUMENT 1], Section 14, "in the name of one spouse" - meaning if the land is solely in your name'
2026-07-16 14:13:30,079 WARNING haki_ai.rag_engine: FACT_PATTERN_MISMATCH: query='After i got married, i inherited land under my name . can my wife claim it during divorce?' reason='The answer applies to a scenario where both spouses' names are on the inherited land, whereas the user's question describes a situation where only one spouse's name is on the land.'
2026-07-16 14:13:30,087 WARNING haki_ai.rag_engine: GROUNDING_ISSUES_PERSIST (attempt 2, giving up): query='After i got married, i inherited land under my name . can my wife claim it during divorce?' issues=["- The answer's conclusion may not match the specific facts in the question: The answer applies to a scenario where both spouses' names are on the inherited land, whereas the user's question describes a situation where only one spouse's name is on the land."] raw_answer='When it comes to inherited land during marriage, the law is clear. According to [DOCUMENT 1], section 14(a), "in the name of one spouse, there shall be a rebuttable presumption that the property is he'
2026-07-16 14:13:30,090 INFO haki_ai.main: CHAT_UNAVAILABLE_RESPONSE: session_id=81942bdd query='After i got married, i inherited land under my name . can my wife claim it during divorce?'
2026-07-16 14:20:05,509 INFO haki_ai.rag_engine: RETRIEVAL: query='After i got married, i inherited land under my name . can my wife claim it during divorce?' doc_type=all n=8 distances=[0.9663090109825134, 0.9818285703659058, 1.000624179840088, 1.0085654258728027, 1.0410523414611816, 1.0418899059295654, 1.0496656894683838, 1.05433988571167]
2026-07-16 14:20:05,562 INFO haki_ai.rag_engine: RETRIEVAL: query='After i got married, i inherited land under my name . can my wife claim it during divorce?' doc_type=case_law_pdf n=8 distances=[1.4667725563049316, 1.5877552032470703, 1.596872329711914, 1.6229861974716187, 1.6275649070739746, 1.6574318408966064, 1.6640472412109375, 1.6755471229553223]
2026-07-16 14:25:06,792 WARNING haki_ai.rag_engine: FACT_PATTERN_MISMATCH: query='After i got married, i inherited land under my name . can my wife claim it during divorce?' reason='The answer applies to a scenario where the land is solely in the husband's name, whereas the user's question describes inherited land under both names.'
2026-07-16 14:25:06,795 WARNING haki_ai.rag_engine: GROUNDING_ISSUES_FOUND (attempt 1, retrying): query='After i got married, i inherited land under my name . can my wife claim it during divorce?' issues=["- The answer's conclusion may not match the specific facts in the question: The answer applies to a scenario where the land is solely in the husband's name, whereas the user's question describes inherited land under both names."] raw_answer='When it comes to inherited land during marriage, the law in Kenya provides some clarity. According to [DOCUMENT 1], Section 14, "in the name of one spouse" - meaning if the land is solely in your name'
2026-07-16 14:30:02,931 WARNING haki_ai.rag_engine: FACT_PATTERN_MISMATCH: query='After i got married, i inherited land under my name . can my wife claim it during divorce?' reason='The answer applies to a scenario where both spouses' names are on the inherited land, whereas the user's question describes a situation where only one spouse's name is on the land.'
2026-07-16 14:30:03,302 WARNING haki_ai.rag_engine: GROUNDING_ISSUES_PERSIST (attempt 2, giving up): query='After i got married, i inherited land under my name . can my wife claim it during divorce?' issues=["- The answer's conclusion may not match the specific facts in the question: The answer applies to a scenario where both spouses' names are on the inherited land, whereas the user's question describes a situation where only one spouse's name is on the land."] raw_answer='When it comes to inherited land during marriage, the law is clear. According to [DOCUMENT 1], section 14(a), "in the name of one spouse, there shall be a rebuttable presumption that the property is he'
2026-07-16 14:30:03,381 INFO haki_ai.main: CHAT_UNAVAILABLE_RESPONSE: session_id=81942bdd query='After i got married, i inherited land under my name . can my wife claim it during divorce?'
2026-07-16 14:36:01,837 INFO haki_ai.rag_engine: RETRIEVAL: query='After i got married, i inherited land under my name . can my wife claim it during divorce?' doc_type=all n=8 distances=[0.9663090109825134, 0.9818285703659058, 1.000624179840088, 1.0085654258728027, 1.0410523414611816, 1.0418899059295654, 1.0496656894683838, 1.05433988571167]
2026-07-16 14:36:02,003 INFO haki_ai.rag_engine: RETRIEVAL: query='After i got married, i inherited land under my name . can my wife claim it during divorce?' doc_type=case_law_pdf n=8 distances=[1.4667725563049316, 1.5877552032470703, 1.596872329711914, 1.6229861974716187, 1.6275649070739746, 1.6574318408966064, 1.6640472412109375, 1.6755471229553223]
2026-07-16 14:41:52,382 ERROR haki_ai.rag_engine: FACT_PATTERN_CHECK_FAILED: query='After i got married, i inherited land under my name . can my wife claim it during divorce?' err=HTTPConnectionPool(host='localhost', port=11434): Read timed out. (read timeout=120)
2026-07-16 14:57:46,219 INFO haki_ai.rag_engine: RETRIEVAL: query='robbery with violence' doc_type=all n=8 distances=[0.6118260622024536, 0.6428595781326294, 0.650061309337616, 0.7422510385513306, 0.828095555305481, 0.8483068943023682, 0.9167829751968384, 0.9777924418449402]
2026-07-16 14:57:46,242 INFO haki_ai.rag_engine: RETRIEVAL: query='robbery with violence' doc_type=case_law_pdf n=8 distances=[0.5005007982254028, 0.5301368236541748, 0.6700202226638794, 0.705150306224823, 0.7157268524169922, 0.7660095691680908, 0.8022083044052124, 0.8342188596725464]
2026-07-16 15:01:48,382 ERROR haki_ai.rag_engine: OLLAMA_REQUEST_FAILED: query='robbery with violence' err=HTTPConnectionPool(host='localhost', port=11434): Read timed out. (read timeout=240)
2026-07-16 15:01:48,395 ERROR haki_ai.rag_engine: OLLAMA_NO_ANSWER: query='robbery with violence'
2026-07-16 15:01:48,396 INFO haki_ai.main: CHAT_UNAVAILABLE_RESPONSE: session_id=81942bdd query='robbery with violence'
2026-07-16 15:05:33,922 INFO haki_ai.rag_engine: RETRIEVAL: query='robbery with violence' doc_type=all n=8 distances=[0.6118260622024536, 0.6428595781326294, 0.650061309337616, 0.7422510385513306, 0.828095555305481, 0.8483068943023682, 0.9167829751968384, 0.9777924418449402]
2026-07-16 15:05:34,145 INFO haki_ai.rag_engine: RETRIEVAL: query='robbery with violence' doc_type=case_law_pdf n=8 distances=[0.5005007982254028, 0.5301368236541748, 0.6700202226638794, 0.705150306224823, 0.7157268524169922, 0.7660095691680908, 0.8022083044052124, 0.8342188596725464]
2026-07-16 15:08:08,190 WARNING haki_ai.rag_engine: FACT_PATTERN_MISMATCH: query='robbery with violence' reason='The answer applies to a scenario where the offender is armed with a weapon or in company with others, which may not be present in the user's question.'
2026-07-16 15:08:08,191 WARNING haki_ai.rag_engine: GROUNDING_ISSUES_FOUND (attempt 1, retrying): query='robbery with violence' issues=["- The answer's conclusion may not match the specific facts in the question: The answer applies to a scenario where the offender is armed with a weapon or in company with others, which may not be present in the user's question."] raw_answer='Robbery with violence is a serious crime in Kenya, as defined by the Penal Code. According to Section 296(2) of the Penal Code [DOCUMENT 1], if an offender commits robbery with violence, they are liab'
2026-07-16 15:12:10,342 ERROR haki_ai.rag_engine: OLLAMA_REQUEST_FAILED: query='robbery with violence' err=HTTPConnectionPool(host='localhost', port=11434): Read timed out. (read timeout=240)
2026-07-16 15:12:10,372 ERROR haki_ai.rag_engine: OLLAMA_NO_ANSWER_ON_RETRY: query='robbery with violence'
2026-07-16 15:12:10,432 INFO haki_ai.main: CHAT_UNAVAILABLE_RESPONSE: session_id=81942bdd query='robbery with violence'
2026-07-16 16:17:05,675 INFO haki_ai.rag_engine: RETRIEVAL: query='robbery with violence' doc_type=all n=8 distances=[0.6118260622024536, 0.6428595781326294, 0.650061309337616, 0.7422510385513306, 0.828095555305481, 0.8483068943023682, 0.9167829751968384, 0.9777924418449402]
2026-07-16 16:17:05,787 INFO haki_ai.rag_engine: RETRIEVAL: query='robbery with violence' doc_type=case_law_pdf n=8 distances=[0.5005007982254028, 0.5301368236541748, 0.6700202226638794, 0.705150306224823, 0.7157268524169922, 0.7660095691680908, 0.8022083044052124, 0.8342188596725464]
2026-07-16 16:22:07,597 WARNING haki_ai.rag_engine: FACT_PATTERN_MISMATCH: query='robbery with violence' reason='The answer applies to a scenario where robbery with violence involves multiple persons and weapons, which is different from the user's question about robbery with violence.'
2026-07-16 16:22:07,671 WARNING haki_ai.rag_engine: GROUNDING_ISSUES_FOUND (attempt 1, retrying): query='robbery with violence' issues=["- The answer's conclusion may not match the specific facts in the question: The answer applies to a scenario where robbery with violence involves multiple persons and weapons, which is different from the user's question about robbery with violence."] raw_answer='Robbery with violence is a serious crime in Kenya, as defined by the Penal Code. According to Section 296(2) of the Penal Code [DOCUMENT 1], if an offender commits robbery with violence, they are liab'
2026-07-16 16:26:10,002 ERROR haki_ai.rag_engine: OLLAMA_REQUEST_FAILED: query='robbery with violence' err=HTTPConnectionPool(host='localhost', port=11434): Read timed out. (read timeout=240)
2026-07-16 16:26:10,156 ERROR haki_ai.rag_engine: OLLAMA_NO_ANSWER_ON_RETRY: query='robbery with violence'
2026-07-16 16:26:10,162 INFO haki_ai.main: CHAT_UNAVAILABLE_RESPONSE: session_id=81942bdd query='robbery with violence'
2026-07-16 16:47:40,341 INFO haki_ai.rag_engine: RETRIEVAL: query='robbery with violence' doc_type=all n=8 distances=[0.6118260622024536, 0.6428595781326294, 0.650061309337616, 0.7422510385513306, 0.828095555305481, 0.8483068943023682, 0.9167829751968384, 0.9777924418449402]
2026-07-16 16:47:42,882 INFO haki_ai.rag_engine: RETRIEVAL: query='robbery with violence' doc_type=case_law_pdf n=8 distances=[0.5005007982254028, 0.5301368236541748, 0.6700202226638794, 0.705150306224823, 0.7157268524169922, 0.7660095691680908, 0.8022083044052124, 0.8342188596725464]
2026-07-16 16:51:46,771 ERROR haki_ai.rag_engine: OLLAMA_REQUEST_FAILED: query='robbery with violence' err=HTTPConnectionPool(host='localhost', port=11434): Read timed out. (read timeout=240)
2026-07-16 16:51:46,847 ERROR haki_ai.rag_engine: OLLAMA_NO_ANSWER: query='robbery with violence'
2026-07-16 16:51:46,971 INFO haki_ai.main: CHAT_UNAVAILABLE_RESPONSE: session_id=81942bdd query='robbery with violence'
2026-07-16 17:56:40,546 INFO haki_ai.rag_engine: RETRIEVAL: query='robbery with violence' doc_type=all n=8 distances=[0.6118260622024536, 0.6428595781326294, 0.650061309337616, 0.7422510385513306, 0.828095555305481, 0.8483068943023682, 0.9167829751968384, 0.9777924418449402]
2026-07-16 17:56:41,053 INFO haki_ai.rag_engine: RETRIEVAL: query='robbery with violence' doc_type=case_law_pdf n=8 distances=[0.5005007982254028, 0.5301368236541748, 0.6700202226638794, 0.705150306224823, 0.7157268524169922, 0.7660095691680908, 0.8022083044052124, 0.8342188596725464]
2026-07-16 18:01:33,933 ERROR haki_ai.rag_engine: FACT_PATTERN_CHECK_FAILED: query='robbery with violence' err=HTTPConnectionPool(host='localhost', port=11434): Read timed out. (read timeout=120)
2026-07-16 19:56:33,495 INFO haki_ai.rag_engine: RETRIEVAL: query='robbery with violence' doc_type=all n=8 distances=[0.6118260622024536, 0.6428595781326294, 0.650061309337616, 0.7422510385513306, 0.828095555305481, 0.8483068943023682, 0.9167829751968384, 0.9777924418449402]
2026-07-16 19:56:34,026 INFO haki_ai.rag_engine: RETRIEVAL: query='robbery with violence' doc_type=case_law_pdf n=8 distances=[0.5005007982254028, 0.5301368236541748, 0.6700202226638794, 0.705150306224823, 0.7157268524169922, 0.7660095691680908, 0.8022083044052124, 0.8342188596725464]
2026-07-16 20:00:36,387 ERROR haki_ai.rag_engine: OLLAMA_REQUEST_FAILED: query='robbery with violence' err=HTTPConnectionPool(host='localhost', port=11434): Read timed out. (read timeout=240)
2026-07-16 20:00:36,541 ERROR haki_ai.rag_engine: OLLAMA_NO_ANSWER: query='robbery with violence'
2026-07-16 20:00:36,666 INFO haki_ai.main: CHAT_UNAVAILABLE_RESPONSE: session_id=81942bdd query='robbery with violence'
2026-07-18 12:05:49,016 INFO logic.embeddings: EmbeddingsService initialized
2026-07-18 12:05:49,978 INFO haki_ai.main: STARTUP: Kenyan Legal Assistant API starting
2026-07-18 12:08:22,728 INFO logic.embeddings: Loading model from: D:\projects\kenyan-legal-bot\backend\data\models\all-MiniLM-L6-v2
2026-07-18 12:08:22,854 INFO sentence_transformers.base.model: Loading SentenceTransformer model from D:\projects\kenyan-legal-bot\backend\data\models\all-MiniLM-L6-v2.
2026-07-18 12:08:26,433 INFO logic.embeddings: ✓ Model loaded successfully in 1.5s
  Path: D:\projects\kenyan-legal-bot\backend\data\models\all-MiniLM-L6-v2
  Dimension: 384
  Cache: 4.2084808349609375MB
2026-07-18 12:08:26,434 INFO haki_ai.main: EMBEDDINGS_LOADED
2026-07-18 12:08:38,751 INFO haki_ai.rag_engine: RAG_DB_LOADED: count=3807
2026-07-18 12:08:38,755 INFO haki_ai.main: RAG_ENGINE_READY: waited=9.0s doc_count=3807
2026-07-18 12:08:38,784 INFO logic.search_tool: Search tool ready. Topics: 9. Gemini: Configured
2026-07-18 12:08:38,801 INFO haki_ai.main: SEARCH_TOOL_READY: known_topics=9
2026-07-18 12:08:42,963 INFO haki_ai.main: OLLAMA_READY: available_models=['llama3.2:latest'] configured_model=llama3.2:latest
2026-07-18 12:08:42,965 INFO haki_ai.main: STARTUP_COMPLETE
2026-07-18 12:14:55,557 INFO haki_ai.main: NEW_SESSION: session_id=ef4bb3e9 user_type=lawyer
2026-07-18 12:15:50,844 INFO haki_ai.main: NEW_SESSION: session_id=a68c11aa user_type=lawyer
2026-07-18 12:16:00,181 INFO haki_ai.rag_engine: RETRIEVAL: query='After i got married, i inherited land under my name . can my wife claim it during divorce?' doc_type=all n=8 distances=[0.9663090109825134, 0.9818285703659058, 1.000624179840088, 1.0085654258728027, 1.0410523414611816, 1.0418899059295654, 1.0496656894683838, 1.05433988571167]
2026-07-18 12:16:00,389 INFO haki_ai.rag_engine: RETRIEVAL: query='After i got married, i inherited land under my name . can my wife claim it during divorce?' doc_type=case_law_pdf n=8 distances=[1.4667725563049316, 1.5877552032470703, 1.596872329711914, 1.6229861974716187, 1.6275649070739746, 1.6574318408966064, 1.6640472412109375, 1.6755471229553223]
2026-07-18 12:20:02,506 ERROR haki_ai.rag_engine: OLLAMA_REQUEST_FAILED: query='After i got married, i inherited land under my name . can my wife claim it during divorce?' err=HTTPConnectionPool(host='localhost', port=11434): Read timed out. (read timeout=240)
2026-07-18 12:20:02,569 ERROR haki_ai.rag_engine: OLLAMA_NO_ANSWER: query='After i got married, i inherited land under my name . can my wife claim it during divorce?'
2026-07-18 12:20:02,576 INFO haki_ai.main: CHAT_UNAVAILABLE_RESPONSE: session_id=a68c11aa query='After i got married, i inherited land under my name . can my wife claim it during divorce?'
2026-07-18 12:20:18,310 INFO haki_ai.rag_engine: RETRIEVAL: query='After i got married, i inherited land under my name . can my wife claim it during divorce?' doc_type=all n=8 distances=[0.9663090109825134, 0.9818285703659058, 1.000624179840088, 1.0085654258728027, 1.0410523414611816, 1.0418899059295654, 1.0496656894683838, 1.05433988571167]
2026-07-18 12:20:18,340 INFO haki_ai.rag_engine: RETRIEVAL: query='After i got married, i inherited land under my name . can my wife claim it during divorce?' doc_type=case_law_pdf n=8 distances=[1.4667725563049316, 1.5877552032470703, 1.596872329711914, 1.6229861974716187, 1.6275649070739746, 1.6574318408966064, 1.6640472412109375, 1.6755471229553223]
2026-07-18 12:22:41,179 WARNING haki_ai.rag_engine: FACT_PATTERN_MISMATCH: query='After i got married, i inherited land under my name . can my wife claim it during divorce?' question_fact='land inherited under one spouse's name alone.' answer_fact='her rights would be based on the rebuttable presumption of trust.'
2026-07-18 12:22:41,180 WARNING haki_ai.rag_engine: GROUNDING_ISSUES_FOUND (attempt 1, retrying): query='After i got married, i inherited land under my name . can my wife claim it during divorce?' issues=['- The answer\'s conclusion may not match the specific facts in the question: the question describes "land inherited under one spouse\'s name alone." but the answer\'s conclusion applies to "her rights would be based on the rebuttable presumption of trust."'] raw_answer='When it comes to inherited land during marriage, the law in Kenya provides some clarity. According to [DOCUMENT 1], section 14(a), if the land is acquired in one spouse's name, there is a "rebuttable '
2026-07-18 12:26:43,222 ERROR haki_ai.rag_engine: OLLAMA_REQUEST_FAILED: query='After i got married, i inherited land under my name . can my wife claim it during divorce?' err=HTTPConnectionPool(host='localhost', port=11434): Read timed out. (read timeout=240)
2026-07-18 12:26:43,224 ERROR haki_ai.rag_engine: OLLAMA_NO_ANSWER_ON_RETRY: query='After i got married, i inherited land under my name . can my wife claim it during divorce?'
2026-07-18 12:26:43,225 INFO haki_ai.main: CHAT_UNAVAILABLE_RESPONSE: session_id=a68c11aa query='After i got married, i inherited land under my name . can my wife claim it during divorce?'
2026-07-18 12:31:08,167 INFO haki_ai.rag_engine: RETRIEVAL: query='After i got married, i inherited land under my name . can my wife claim it during divorce?' doc_type=all n=8 distances=[0.9663090109825134, 0.9818285703659058, 1.000624179840088, 1.0085654258728027, 1.0410523414611816, 1.0418899059295654, 1.0496656894683838, 1.05433988571167]
2026-07-18 12:31:08,199 INFO haki_ai.rag_engine: RETRIEVAL: query='After i got married, i inherited land under my name . can my wife claim it during divorce?' doc_type=case_law_pdf n=8 distances=[1.4667725563049316, 1.5877552032470703, 1.596872329711914, 1.6229861974716187, 1.6275649070739746, 1.6574318408966064, 1.6640472412109375, 1.6755471229553223]
2026-07-18 12:34:17,879 INFO haki_ai.rag_engine: FACT_PATTERN_OK: query='After i got married, i inherited land under my name . can my wife claim it during divorce?' question_fact='Land inherited under one spouse's name alone.' answer_fact='If the land is solely in your name, your wife may claim an interest in it during divorce, but you'll need to prove otherwise.'
2026-07-18 12:35:41,885 INFO haki_ai.rag_engine: RETRIEVAL: query='robbery with violence' doc_type=all n=8 distances=[0.6118260622024536, 0.6428595781326294, 0.650061309337616, 0.7422510385513306, 0.828095555305481, 0.8483068943023682, 0.9167829751968384, 0.9777924418449402]
2026-07-18 12:35:42,169 INFO haki_ai.rag_engine: RETRIEVAL: query='robbery with violence' doc_type=case_law_pdf n=8 distances=[0.5005007982254028, 0.5301368236541748, 0.6700202226638794, 0.705150306224823, 0.7157268524169922, 0.7660095691680908, 0.8022083044052124, 0.8342188596725464]
2026-07-18 12:39:45,537 ERROR haki_ai.rag_engine: OLLAMA_REQUEST_FAILED: query='robbery with violence' err=HTTPConnectionPool(host='localhost', port=11434): Read timed out. (read timeout=240)
2026-07-18 12:39:45,817 ERROR haki_ai.rag_engine: OLLAMA_NO_ANSWER: query='robbery with violence'
2026-07-18 12:39:46,193 INFO haki_ai.main: CHAT_UNAVAILABLE_RESPONSE: session_id=a68c11aa query='robbery with violence'
2026-07-18 12:40:27,699 INFO haki_ai.rag_engine: RETRIEVAL: query='robbery with violence' doc_type=all n=8 distances=[0.6118260622024536, 0.6428595781326294, 0.650061309337616, 0.7422510385513306, 0.828095555305481, 0.8483068943023682, 0.9167829751968384, 0.9777924418449402]
2026-07-18 12:40:29,151 INFO haki_ai.rag_engine: RETRIEVAL: query='robbery with violence' doc_type=case_law_pdf n=8 distances=[0.5005007982254028, 0.5301368236541748, 0.6700202226638794, 0.705150306224823, 0.7157268524169922, 0.7660095691680908, 0.8022083044052124, 0.8342188596725464]
2026-07-18 12:46:33,083 ERROR haki_ai.rag_engine: FACT_PATTERN_CHECK_FAILED: query='robbery with violence' err=HTTPConnectionPool(host='localhost', port=11434): Read timed out. (read timeout=120)
2026-07-18 12:52:45,733 ERROR haki_ai.main: OLLAMA_CHECK_UNEXPECTED_ERROR: attempt=0 err=HTTPConnectionPool(host='localhost', port=11434): Read timed out. (read timeout=3)
2026-07-18 13:46:12,873 INFO haki_ai.main: SHUTDOWN: Kenyan Legal Assistant API stopping
2026-07-18 13:46:13,011 INFO logic.data_manager: DataManager closed
2026-07-18 19:40:38,627 INFO logic.embeddings: EmbeddingsService initialized
2026-07-18 19:40:44,122 INFO haki_ai.main: STARTUP: Kenyan Legal Assistant API starting
2026-07-18 19:44:51,278 INFO logic.embeddings: Loading model from: D:\projects\kenyan-legal-bot\backend\data\models\all-MiniLM-L6-v2
2026-07-18 19:44:51,285 INFO sentence_transformers.base.model: Loading SentenceTransformer model from D:\projects\kenyan-legal-bot\backend\data\models\all-MiniLM-L6-v2.
2026-07-18 19:45:47,015 INFO logic.embeddings: ✓ Model loaded successfully in 6.7s
  Path: D:\projects\kenyan-legal-bot\backend\data\models\all-MiniLM-L6-v2
  Dimension: 384
  Cache: 4.2084808349609375MB
2026-07-18 19:45:47,016 INFO haki_ai.main: EMBEDDINGS_LOADED
2026-07-18 19:46:17,522 INFO haki_ai.rag_engine: RAG_DB_LOADED: count=3807
2026-07-18 19:46:17,528 INFO haki_ai.main: RAG_ENGINE_READY: waited=19.0s doc_count=3807
2026-07-18 19:46:17,531 INFO logic.search_tool: Search tool ready. Topics: 9. Gemini: Configured
2026-07-18 19:46:17,532 INFO haki_ai.main: SEARCH_TOOL_READY: known_topics=9
2026-07-18 19:46:21,956 INFO haki_ai.main: OLLAMA_READY: available_models=['llama3.2:latest'] configured_model=llama3.2:latest
2026-07-18 19:46:21,959 INFO haki_ai.main: STARTUP_COMPLETE
2026-07-18 19:50:51,063 INFO haki_ai.main: NEW_SESSION: session_id=e3cd329d user_type=lawyer
2026-07-18 19:51:19,070 INFO haki_ai.main: NEW_SESSION: session_id=68cf05c3 user_type=lawyer
2026-07-18 19:51:43,722 INFO haki_ai.rag_engine: RETRIEVAL: query='robbery with violence' doc_type=all n=8 distances=[0.6118260622024536, 0.6428595781326294, 0.650061309337616, 0.7422510385513306, 0.828095555305481, 0.8483068943023682, 0.9167829751968384, 0.9777924418449402]
2026-07-18 19:51:43,739 INFO haki_ai.rag_engine: RETRIEVAL: query='robbery with violence' doc_type=case_law_pdf n=8 distances=[0.5005007982254028, 0.5301368236541748, 0.6700202226638794, 0.705150306224823, 0.7157268524169922, 0.7660095691680908, 0.8022083044052124, 0.8342188596725464]
2026-07-18 19:55:45,755 ERROR haki_ai.rag_engine: OLLAMA_REQUEST_FAILED: query='robbery with violence' err=HTTPConnectionPool(host='localhost', port=11434): Read timed out. (read timeout=240)
2026-07-18 19:55:45,756 ERROR haki_ai.rag_engine: OLLAMA_NO_ANSWER: query='robbery with violence'
2026-07-18 19:55:45,756 INFO haki_ai.main: CHAT_UNAVAILABLE_RESPONSE: session_id=68cf05c3 query='robbery with violence'
2026-07-18 19:56:36,564 INFO haki_ai.rag_engine: RETRIEVAL: query='robbery with violence' doc_type=all n=8 distances=[0.6118260622024536, 0.6428595781326294, 0.650061309337616, 0.7422510385513306, 0.828095555305481, 0.8483068943023682, 0.9167829751968384, 0.9777924418449402]
2026-07-18 19:56:36,580 INFO haki_ai.rag_engine: RETRIEVAL: query='robbery with violence' doc_type=case_law_pdf n=8 distances=[0.5005007982254028, 0.5301368236541748, 0.6700202226638794, 0.705150306224823, 0.7157268524169922, 0.7660095691680908, 0.8022083044052124, 0.8342188596725464]
2026-07-18 20:00:38,621 ERROR haki_ai.rag_engine: OLLAMA_REQUEST_FAILED: query='robbery with violence' err=HTTPConnectionPool(host='localhost', port=11434): Read timed out. (read timeout=240)
2026-07-18 20:00:38,624 ERROR haki_ai.rag_engine: OLLAMA_NO_ANSWER: query='robbery with violence'
2026-07-18 20:00:38,626 INFO haki_ai.main: CHAT_UNAVAILABLE_RESPONSE: session_id=68cf05c3 query='robbery with violence'
2026-07-18 20:22:14,286 INFO haki_ai.rag_engine: RETRIEVAL: query='robbery with violence' doc_type=all n=8 distances=[0.6118260622024536, 0.6428595781326294, 0.650061309337616, 0.7422510385513306, 0.828095555305481, 0.8483068943023682, 0.9167829751968384, 0.9777924418449402]
2026-07-18 20:22:15,845 INFO haki_ai.rag_engine: RETRIEVAL: query='robbery with violence' doc_type=case_law_pdf n=8 distances=[0.5005007982254028, 0.5301368236541748, 0.6700202226638794, 0.705150306224823, 0.7157268524169922, 0.7660095691680908, 0.8022083044052124, 0.8342188596725464]
2026-07-18 20:26:18,179 ERROR haki_ai.rag_engine: OLLAMA_REQUEST_FAILED: query='robbery with violence' err=HTTPConnectionPool(host='localhost', port=11434): Read timed out. (read timeout=240)
2026-07-18 20:26:18,367 ERROR haki_ai.rag_engine: OLLAMA_NO_ANSWER: query='robbery with violence'
2026-07-18 20:26:18,397 INFO haki_ai.main: CHAT_UNAVAILABLE_RESPONSE: session_id=68cf05c3 query='robbery with violence'
2026-07-18 20:26:42,356 INFO haki_ai.rag_engine: RETRIEVAL: query='robbery with violence' doc_type=all n=8 distances=[0.6118260622024536, 0.6428595781326294, 0.650061309337616, 0.7422510385513306, 0.828095555305481, 0.8483068943023682, 0.9167829751968384, 0.9777924418449402]
2026-07-18 20:26:45,539 INFO haki_ai.rag_engine: RETRIEVAL: query='robbery with violence' doc_type=case_law_pdf n=8 distances=[0.5005007982254028, 0.5301368236541748, 0.6700202226638794, 0.705150306224823, 0.7157268524169922, 0.7660095691680908, 0.8022083044052124, 0.8342188596725464]
2026-07-18 20:32:00,178 ERROR haki_ai.rag_engine: FACT_PATTERN_CHECK_FAILED: query='robbery with violence' err=HTTPConnectionPool(host='localhost', port=11434): Read timed out. (read timeout=120)
2026-07-18 20:42:58,726 INFO haki_ai.rag_engine: RETRIEVAL: query='robbery with violence' doc_type=all n=8 distances=[0.6118260622024536, 0.6428595781326294, 0.650061309337616, 0.7422510385513306, 0.828095555305481, 0.8483068943023682, 0.9167829751968384, 0.9777924418449402]
2026-07-18 20:42:58,750 INFO haki_ai.rag_engine: RETRIEVAL: query='robbery with violence' doc_type=case_law_pdf n=8 distances=[0.5005007982254028, 0.5301368236541748, 0.6700202226638794, 0.705150306224823, 0.7157268524169922, 0.7660095691680908, 0.8022083044052124, 0.8342188596725464]
2026-07-18 20:47:00,799 ERROR haki_ai.rag_engine: OLLAMA_REQUEST_FAILED: query='robbery with violence' err=HTTPConnectionPool(host='localhost', port=11434): Read timed out. (read timeout=240)
2026-07-18 20:47:00,803 ERROR haki_ai.rag_engine: OLLAMA_NO_ANSWER: query='robbery with violence'
2026-07-18 20:47:00,805 INFO haki_ai.main: CHAT_UNAVAILABLE_RESPONSE: session_id=68cf05c3 query='robbery with violence'
2026-07-18 20:47:22,415 INFO haki_ai.rag_engine: RETRIEVAL: query='robbery with violence' doc_type=all n=8 distances=[0.6118260622024536, 0.6428595781326294, 0.650061309337616, 0.7422510385513306, 0.828095555305481, 0.8483068943023682, 0.9167829751968384, 0.9777924418449402]
2026-07-18 20:47:22,808 INFO haki_ai.rag_engine: RETRIEVAL: query='robbery with violence' doc_type=case_law_pdf n=8 distances=[0.5005007982254028, 0.5301368236541748, 0.6700202226638794, 0.705150306224823, 0.7157268524169922, 0.7660095691680908, 0.8022083044052124, 0.8342188596725464]
2026-07-18 20:50:22,502 WARNING haki_ai.rag_engine: FACT_PATTERN_MISMATCH: query='robbery with violence' question_fact='robbery with violence' answer_fact='using actual violence against a person or property to steal something'
2026-07-18 20:50:22,503 WARNING haki_ai.rag_engine: GROUNDING_ISSUES_FOUND (attempt 1, retrying): query='robbery with violence' issues=['- The answer\'s conclusion may not match the specific facts in the question: the question describes "robbery with violence" but the answer\'s conclusion applies to "using actual violence against a person or property to steal something"'] raw_answer='Robbery with violence is a serious crime in Kenya, as defined by the Penal Code. According to Section 296(2) of the Penal Code [DOCUMENT 1], if an offender commits robbery with violence, they are liab'
2026-07-18 20:54:24,672 ERROR haki_ai.rag_engine: OLLAMA_REQUEST_FAILED: query='robbery with violence' err=HTTPConnectionPool(host='localhost', port=11434): Read timed out. (read timeout=240)
2026-07-18 20:54:24,679 ERROR haki_ai.rag_engine: OLLAMA_NO_ANSWER_ON_RETRY: query='robbery with violence'
2026-07-18 20:54:24,684 INFO haki_ai.main: CHAT_UNAVAILABLE_RESPONSE: session_id=68cf05c3 query='robbery with violence'
2026-07-18 20:54:40,500 INFO haki_ai.rag_engine: RETRIEVAL: query='robbery with violence' doc_type=all n=8 distances=[0.6118260622024536, 0.6428595781326294, 0.650061309337616, 0.7422510385513306, 0.828095555305481, 0.8483068943023682, 0.9167829751968384, 0.9777924418449402]
2026-07-18 20:54:40,694 INFO haki_ai.rag_engine: RETRIEVAL: query='robbery with violence' doc_type=case_law_pdf n=8 distances=[0.5005007982254028, 0.5301368236541748, 0.6700202226638794, 0.705150306224823, 0.7157268524169922, 0.7660095691680908, 0.8022083044052124, 0.8342188596725464]
2026-07-18 20:57:31,330 WARNING haki_ai.rag_engine: FACT_PATTERN_MISMATCH: query='robbery with violence' question_fact='robbery with violence' answer_fact='more severe offense than general robbery'
2026-07-18 20:57:31,331 WARNING haki_ai.rag_engine: GROUNDING_ISSUES_FOUND (attempt 1, retrying): query='robbery with violence' issues=['- The answer\'s conclusion may not match the specific facts in the question: the question describes "robbery with violence" but the answer\'s conclusion applies to "more severe offense than general robbery"'] raw_answer='Robbery with violence is a serious crime in Kenya, as defined by the Penal Code. According to Section 296(2) of the Penal Code [DOCUMENT 1], if an offender commits robbery with violence, they are liab'
2026-07-18 21:01:21,704 WARNING haki_ai.rag_engine: FACT_PATTERN_ISSUE_CARRIED_FORWARD (attempt 2, returning with caveat): query='robbery with violence'
2026-07-19 14:08:50,620 ERROR haki_ai.main: OLLAMA_CHECK_UNEXPECTED_ERROR: attempt=0 err=HTTPConnectionPool(host='localhost', port=11434): Read timed out. (read timeout=3)
2026-07-19 14:25:55,662 INFO haki_ai.main: SHUTDOWN: Kenyan Legal Assistant API stopping
2026-07-19 14:25:55,852 INFO logic.data_manager: DataManager closed
2026-07-19 16:00:18,171 INFO logic.embeddings: EmbeddingsService initialized
2026-07-19 16:00:19,781 INFO haki_ai.main: STARTUP: Kenyan Legal Assistant API starting
2026-07-19 16:06:36,737 INFO logic.embeddings: EmbeddingsService initialized
2026-07-19 16:06:37,062 INFO haki_ai.main: STARTUP: Kenyan Legal Assistant API starting
2026-07-19 17:09:12,514 INFO logic.embeddings: EmbeddingsService initialized
2026-07-19 17:09:14,780 INFO haki_ai.main: STARTUP: Kenyan Legal Assistant API starting
2026-07-19 17:16:57,014 INFO logic.embeddings: EmbeddingsService initialized
2026-07-19 17:16:58,765 INFO haki_ai.main: STARTUP: Kenyan Legal Assistant API starting
2026-07-19 17:22:14,621 INFO logic.embeddings: Loading model from: D:\projects\kenyan-legal-bot\backend\data\models\all-MiniLM-L6-v2
2026-07-19 17:22:14,655 INFO sentence_transformers.base.model: Loading SentenceTransformer model from D:\projects\kenyan-legal-bot\backend\data\models\all-MiniLM-L6-v2.
2026-07-19 17:22:24,777 INFO logic.embeddings: ✓ Model loaded successfully in 3.2s
  Path: D:\projects\kenyan-legal-bot\backend\data\models\all-MiniLM-L6-v2
  Dimension: 384
  Cache: 4.2084808349609375MB
2026-07-19 17:22:24,780 INFO haki_ai.main: EMBEDDINGS_LOADED
2026-07-19 17:22:52,016 INFO haki_ai.rag_engine: RAG_DB_LOADED: count=3807
2026-07-19 17:22:52,021 INFO haki_ai.main: RAG_ENGINE_READY: waited=14.5s doc_count=3807
2026-07-19 17:22:52,186 INFO logic.search_tool: Search tool ready. Topics: 9. Gemini: Configured
2026-07-19 17:22:52,211 INFO haki_ai.main: SEARCH_TOOL_READY: known_topics=9
2026-07-19 17:22:56,403 INFO haki_ai.main: OLLAMA_READY: available_models=['llama3.2:latest'] configured_model=llama3.2:latest
2026-07-19 17:22:56,405 INFO haki_ai.main: STARTUP_COMPLETE
2026-07-19 17:24:44,556 INFO haki_ai.main: NEW_SESSION: session_id=b1538c27 user_type=lawyer
2026-07-19 17:25:05,513 INFO haki_ai.main: NEW_SESSION: session_id=57bbde73 user_type=lawyer
2026-07-19 17:25:31,528 INFO haki_ai.rag_engine: RETRIEVAL: query='robbery with violence' doc_type=all n=8 distances=[0.6118260622024536, 0.6428595781326294, 0.650061309337616, 0.7422510385513306, 0.828095555305481, 0.8483068943023682, 0.9167829751968384, 0.9777924418449402]
2026-07-19 17:25:31,545 INFO haki_ai.rag_engine: RETRIEVAL: query='robbery with violence' doc_type=case_law_pdf n=8 distances=[0.5005007982254028, 0.5301368236541748, 0.6700202226638794, 0.705150306224823, 0.7157268524169922, 0.7660095691680908, 0.8022083044052124, 0.8342188596725464]
2026-07-19 17:29:33,629 ERROR haki_ai.rag_engine: OLLAMA_REQUEST_FAILED: query='robbery with violence' err=HTTPConnectionPool(host='localhost', port=11434): Read timed out. (read timeout=240)
2026-07-19 17:29:33,709 ERROR haki_ai.rag_engine: OLLAMA_NO_ANSWER: query='robbery with violence'
2026-07-19 17:29:34,348 INFO haki_ai.main: CHAT_UNAVAILABLE_RESPONSE: session_id=57bbde73 query='robbery with violence'
2026-07-19 17:33:01,224 INFO haki_ai.main: SHUTDOWN: Kenyan Legal Assistant API stopping
2026-07-19 17:33:01,395 INFO logic.data_manager: DataManager closed
2026-07-19 18:04:57,372 INFO logic.embeddings: EmbeddingsService initialized
2026-07-19 18:04:58,292 INFO haki_ai.main: STARTUP: Kenyan Legal Assistant API starting
2026-07-19 18:07:43,357 INFO logic.embeddings: Loading model from: D:\projects\kenyan-legal-bot\backend\data\models\all-MiniLM-L6-v2
2026-07-19 18:07:43,372 INFO sentence_transformers.base.model: Loading SentenceTransformer model from D:\projects\kenyan-legal-bot\backend\data\models\all-MiniLM-L6-v2.
2026-07-19 18:07:59,987 INFO logic.embeddings: ✓ Model loaded successfully in 7.5s
  Path: D:\projects\kenyan-legal-bot\backend\data\models\all-MiniLM-L6-v2
  Dimension: 384
  Cache: 4.2084808349609375MB
2026-07-19 18:07:59,987 INFO haki_ai.main: EMBEDDINGS_LOADED
2026-07-19 18:08:17,578 INFO haki_ai.rag_engine: RAG_DB_LOADED: count=3807
2026-07-19 18:08:17,595 INFO haki_ai.main: RAG_ENGINE_READY: waited=12.0s doc_count=3807
2026-07-19 18:08:17,715 INFO logic.search_tool: Search tool ready. Topics: 9. Gemini: Configured
2026-07-19 18:08:17,723 INFO haki_ai.main: SEARCH_TOOL_READY: known_topics=9
2026-07-19 18:08:22,551 INFO haki_ai.main: OLLAMA_READY: available_models=['llama3.2:latest'] configured_model=llama3.2:latest
2026-07-19 18:08:22,556 INFO haki_ai.main: STARTUP_COMPLETE
2026-07-19 18:08:38,597 INFO haki_ai.main: NEW_SESSION: session_id=2a8418b1 user_type=lawyer
2026-07-19 18:08:51,776 INFO haki_ai.main: SESSION_DELETED: session_id=c41629e5
2026-07-19 18:08:53,363 INFO haki_ai.main: SESSION_DELETED: session_id=1631aba5
2026-07-19 18:08:54,323 INFO haki_ai.main: SESSION_DELETED: session_id=25dd370c
2026-07-19 18:08:55,727 INFO haki_ai.main: SESSION_DELETED: session_id=850d460a
2026-07-19 18:08:56,546 INFO haki_ai.main: SESSION_DELETED: session_id=849460df
2026-07-19 18:08:57,281 INFO haki_ai.main: SESSION_DELETED: session_id=f8fd841b
2026-07-19 18:08:58,370 INFO haki_ai.main: SESSION_DELETED: session_id=81942bdd
2026-07-19 18:09:04,482 INFO haki_ai.main: SESSION_DELETED: session_id=a68c11aa
2026-07-19 18:09:07,203 INFO haki_ai.main: SESSION_DELETED: session_id=68cf05c3
2026-07-19 18:09:26,240 INFO haki_ai.rag_engine: RETRIEVAL: query='robbery with violence' doc_type=all n=8 distances=[0.6118260622024536, 0.6428595781326294, 0.650061309337616, 0.7422510385513306, 0.828095555305481, 0.8483068943023682, 0.9167829751968384, 0.9777924418449402]
2026-07-19 18:09:26,258 INFO haki_ai.rag_engine: RETRIEVAL: query='robbery with violence' doc_type=case_law_pdf n=8 distances=[0.5005007982254028, 0.5301368236541748, 0.6700202226638794, 0.705150306224823, 0.7157268524169922, 0.7660095691680908, 0.8022083044052124, 0.8342188596725464]
2026-07-19 18:13:28,286 ERROR haki_ai.rag_engine: OLLAMA_REQUEST_FAILED: query='robbery with violence' err=HTTPConnectionPool(host='localhost', port=11434): Read timed out. (read timeout=240)
2026-07-19 18:13:28,288 ERROR haki_ai.rag_engine: OLLAMA_NO_ANSWER: query='robbery with violence'
2026-07-19 18:13:28,289 INFO haki_ai.main: CHAT_UNAVAILABLE_RESPONSE: session_id=2a8418b1 query='robbery with violence'
2026-07-19 18:14:16,438 INFO haki_ai.rag_engine: RETRIEVAL: query='robbery with violence' doc_type=all n=8 distances=[0.6118260622024536, 0.6428595781326294, 0.650061309337616, 0.7422510385513306, 0.828095555305481, 0.8483068943023682, 0.9167829751968384, 0.9777924418449402]
2026-07-19 18:14:16,453 INFO haki_ai.rag_engine: RETRIEVAL: query='robbery with violence' doc_type=case_law_pdf n=8 distances=[0.5005007982254028, 0.5301368236541748, 0.6700202226638794, 0.705150306224823, 0.7157268524169922, 0.7660095691680908, 0.8022083044052124, 0.8342188596725464]
2026-07-19 18:17:41,245 WARNING haki_ai.rag_engine: FACT_PATTERN_MISMATCH: query='robbery with violence' question_fact='robbery with violence' answer_fact='using actual violence against a person or property to steal something'
2026-07-19 18:17:41,252 WARNING haki_ai.rag_engine: GROUNDING_ISSUES_FOUND (attempt 1, retrying): query='robbery with violence' issues=['- The answer\'s conclusion may not match the specific facts in the question: the question describes "robbery with violence" but the answer\'s conclusion applies to "using actual violence against a person or property to steal something"'] raw_answer='Robbery with violence is a serious crime in Kenya, as defined by the Penal Code. According to Section 296(2) of the Penal Code [DOCUMENT 1], if an offender commits robbery with violence, they are liab'
2026-07-19 18:21:43,504 ERROR haki_ai.rag_engine: OLLAMA_REQUEST_FAILED: query='robbery with violence' err=HTTPConnectionPool(host='localhost', port=11434): Read timed out. (read timeout=240)
2026-07-19 18:21:43,768 ERROR haki_ai.rag_engine: OLLAMA_NO_ANSWER_ON_RETRY: query='robbery with violence'
2026-07-19 18:21:43,957 INFO haki_ai.main: CHAT_UNAVAILABLE_RESPONSE: session_id=2a8418b1 query='robbery with violence'
2026-07-19 18:26:12,187 INFO haki_ai.rag_engine: RETRIEVAL: query='robbery with violence' doc_type=all n=8 distances=[0.6118260622024536, 0.6428595781326294, 0.650061309337616, 0.7422510385513306, 0.828095555305481, 0.8483068943023682, 0.9167829751968384, 0.9777924418449402]
2026-07-19 18:26:12,221 INFO haki_ai.rag_engine: RETRIEVAL: query='robbery with violence' doc_type=case_law_pdf n=8 distances=[0.5005007982254028, 0.5301368236541748, 0.6700202226638794, 0.705150306224823, 0.7157268524169922, 0.7660095691680908, 0.8022083044052124, 0.8342188596725464]
2026-07-19 18:29:04,696 WARNING haki_ai.rag_engine: FACT_PATTERN_MISMATCH: query='robbery with violence' question_fact='robbery with violence' answer_fact='more severe offense than general robbery'
2026-07-19 18:29:04,699 WARNING haki_ai.rag_engine: GROUNDING_ISSUES_FOUND (attempt 1, retrying): query='robbery with violence' issues=['- The answer\'s conclusion may not match the specific facts in the question: the question describes "robbery with violence" but the answer\'s conclusion applies to "more severe offense than general robbery"'] raw_answer='Robbery with violence is a serious crime in Kenya, as defined by the Penal Code. According to Section 296(2) of the Penal Code [DOCUMENT 1], if an offender commits robbery with violence, they are liab'
2026-07-19 18:33:06,818 ERROR haki_ai.rag_engine: OLLAMA_REQUEST_FAILED: query='robbery with violence' err=HTTPConnectionPool(host='localhost', port=11434): Read timed out. (read timeout=240)
2026-07-19 18:33:07,085 ERROR haki_ai.rag_engine: OLLAMA_NO_ANSWER_ON_RETRY: query='robbery with violence'
2026-07-19 18:33:07,237 INFO haki_ai.main: CHAT_UNAVAILABLE_RESPONSE: session_id=2a8418b1 query='robbery with violence'
2026-07-19 18:33:14,277 INFO haki_ai.rag_engine: RETRIEVAL: query='robbery with violence' doc_type=all n=8 distances=[0.6118260622024536, 0.6428595781326294, 0.650061309337616, 0.7422510385513306, 0.828095555305481, 0.8483068943023682, 0.9167829751968384, 0.9777924418449402]
2026-07-19 18:33:14,313 INFO haki_ai.rag_engine: RETRIEVAL: query='robbery with violence' doc_type=case_law_pdf n=8 distances=[0.5005007982254028, 0.5301368236541748, 0.6700202226638794, 0.705150306224823, 0.7157268524169922, 0.7660095691680908, 0.8022083044052124, 0.8342188596725464]
2026-07-19 18:35:51,876 WARNING haki_ai.rag_engine: FACT_PATTERN_MISMATCH: query='robbery with violence' question_fact='robbery with violence' answer_fact='more severe offense than general robbery'
2026-07-19 18:35:51,877 WARNING haki_ai.rag_engine: GROUNDING_ISSUES_FOUND (attempt 1, retrying): query='robbery with violence' issues=['- The answer\'s conclusion may not match the specific facts in the question: the question describes "robbery with violence" but the answer\'s conclusion applies to "more severe offense than general robbery"'] raw_answer='Robbery with violence is a serious crime in Kenya, as defined by the Penal Code. According to Section 296(2) of the Penal Code [DOCUMENT 1], if an offender commits robbery with violence, they are liab'
2026-07-19 18:39:54,088 ERROR haki_ai.rag_engine: OLLAMA_REQUEST_FAILED: query='robbery with violence' err=HTTPConnectionPool(host='localhost', port=11434): Read timed out. (read timeout=240)
2026-07-19 18:39:54,089 ERROR haki_ai.rag_engine: OLLAMA_NO_ANSWER_ON_RETRY: query='robbery with violence'
2026-07-19 18:39:54,096 INFO haki_ai.main: CHAT_UNAVAILABLE_RESPONSE: session_id=2a8418b1 query='robbery with violence'
2026-07-19 18:41:43,233 INFO haki_ai.rag_engine: RETRIEVAL: query='robbery with violence' doc_type=all n=8 distances=[0.6118260622024536, 0.6428595781326294, 0.650061309337616, 0.7422510385513306, 0.828095555305481, 0.8483068943023682, 0.9167829751968384, 0.9777924418449402]
2026-07-19 18:41:43,252 INFO haki_ai.rag_engine: RETRIEVAL: query='robbery with violence' doc_type=case_law_pdf n=8 distances=[0.5005007982254028, 0.5301368236541748, 0.6700202226638794, 0.705150306224823, 0.7157268524169922, 0.7660095691680908, 0.8022083044052124, 0.8342188596725464]
2026-07-19 18:44:30,269 WARNING haki_ai.rag_engine: FACT_PATTERN_MISMATCH: query='robbery with violence' question_fact='robbery with violence' answer_fact='more severe offense than general robbery'
2026-07-19 18:44:30,302 WARNING haki_ai.rag_engine: GROUNDING_ISSUES_FOUND (attempt 1, retrying): query='robbery with violence' issues=['- The answer\'s conclusion may not match the specific facts in the question: the question describes "robbery with violence" but the answer\'s conclusion applies to "more severe offense than general robbery"'] raw_answer='Robbery with violence is a serious crime in Kenya, as defined by the Penal Code. According to Section 296(2) of the Penal Code [DOCUMENT 1], if an offender commits robbery with violence, they are liab'
2026-07-19 18:48:32,469 ERROR haki_ai.rag_engine: OLLAMA_REQUEST_FAILED: query='robbery with violence' err=HTTPConnectionPool(host='localhost', port=11434): Read timed out. (read timeout=240)
2026-07-19 18:48:32,505 ERROR haki_ai.rag_engine: OLLAMA_NO_ANSWER_ON_RETRY: query='robbery with violence'
2026-07-19 18:48:32,515 INFO haki_ai.main: CHAT_UNAVAILABLE_RESPONSE: session_id=2a8418b1 query='robbery with violence'
2026-07-19 18:51:45,085 INFO haki_ai.rag_engine: RETRIEVAL: query='robbery with violence' doc_type=all n=8 distances=[0.6118260622024536, 0.6428595781326294, 0.650061309337616, 0.7422510385513306, 0.828095555305481, 0.8483068943023682, 0.9167829751968384, 0.9777924418449402]
2026-07-19 18:51:45,105 INFO haki_ai.rag_engine: RETRIEVAL: query='robbery with violence' doc_type=case_law_pdf n=8 distances=[0.5005007982254028, 0.5301368236541748, 0.6700202226638794, 0.705150306224823, 0.7157268524169922, 0.7660095691680908, 0.8022083044052124, 0.8342188596725464]
2026-07-19 18:54:27,959 WARNING haki_ai.rag_engine: FACT_PATTERN_MISMATCH: query='robbery with violence' question_fact='robbery with violence' answer_fact='more severe offense than general robbery'
2026-07-19 18:54:27,973 WARNING haki_ai.rag_engine: GROUNDING_ISSUES_FOUND (attempt 1, retrying): query='robbery with violence' issues=['- The answer\'s conclusion may not match the specific facts in the question: the question describes "robbery with violence" but the answer\'s conclusion applies to "more severe offense than general robbery"'] raw_answer='Robbery with violence is a serious crime in Kenya, as defined by the Penal Code. According to Section 296(2) of the Penal Code [DOCUMENT 1], if an offender commits robbery with violence, they are liab'
2026-07-19 18:58:30,037 ERROR haki_ai.rag_engine: OLLAMA_REQUEST_FAILED: query='robbery with violence' err=HTTPConnectionPool(host='localhost', port=11434): Read timed out. (read timeout=240)
2026-07-19 18:58:30,054 ERROR haki_ai.rag_engine: OLLAMA_NO_ANSWER_ON_RETRY: query='robbery with violence'
2026-07-19 18:58:30,056 INFO haki_ai.main: CHAT_UNAVAILABLE_RESPONSE: session_id=2a8418b1 query='robbery with violence'
2026-07-19 18:59:45,522 INFO haki_ai.rag_engine: RETRIEVAL: query='robbery with violence' doc_type=all n=8 distances=[0.6118260622024536, 0.6428595781326294, 0.650061309337616, 0.7422510385513306, 0.828095555305481, 0.8483068943023682, 0.9167829751968384, 0.9777924418449402]
2026-07-19 18:59:45,694 INFO haki_ai.rag_engine: RETRIEVAL: query='robbery with violence' doc_type=case_law_pdf n=8 distances=[0.5005007982254028, 0.5301368236541748, 0.6700202226638794, 0.705150306224823, 0.7157268524169922, 0.7660095691680908, 0.8022083044052124, 0.8342188596725464]
2026-07-19 19:02:10,779 WARNING haki_ai.rag_engine: FACT_PATTERN_MISMATCH: query='robbery with violence' question_fact='robbery with violence' answer_fact='more severe offense than general robbery'
2026-07-19 19:02:10,781 WARNING haki_ai.rag_engine: GROUNDING_ISSUES_FOUND (attempt 1, retrying): query='robbery with violence' issues=['- The answer\'s conclusion may not match the specific facts in the question: the question describes "robbery with violence" but the answer\'s conclusion applies to "more severe offense than general robbery"'] raw_answer='Robbery with violence is a serious crime in Kenya, as defined by the Penal Code. According to Section 296(2) of the Penal Code [DOCUMENT 1], if an offender commits robbery with violence, they are liab'
2026-07-19 19:06:13,063 ERROR haki_ai.rag_engine: OLLAMA_REQUEST_FAILED: query='robbery with violence' err=HTTPConnectionPool(host='localhost', port=11434): Read timed out. (read timeout=240)
2026-07-19 19:06:13,067 ERROR haki_ai.rag_engine: OLLAMA_NO_ANSWER_ON_RETRY: query='robbery with violence'
2026-07-19 19:06:13,079 INFO haki_ai.main: CHAT_UNAVAILABLE_RESPONSE: session_id=2a8418b1 query='robbery with violence'
2026-07-19 19:09:52,245 INFO haki_ai.rag_engine: RETRIEVAL: query='robbery with violence' doc_type=all n=8 distances=[0.6118260622024536, 0.6428595781326294, 0.650061309337616, 0.7422510385513306, 0.828095555305481, 0.8483068943023682, 0.9167829751968384, 0.9777924418449402]
2026-07-19 19:09:52,427 INFO haki_ai.rag_engine: RETRIEVAL: query='robbery with violence' doc_type=case_law_pdf n=8 distances=[0.5005007982254028, 0.5301368236541748, 0.6700202226638794, 0.705150306224823, 0.7157268524169922, 0.7660095691680908, 0.8022083044052124, 0.8342188596725464]
2026-07-19 19:12:33,936 WARNING haki_ai.rag_engine: FACT_PATTERN_MISMATCH: query='robbery with violence' question_fact='robbery with violence' answer_fact='more severe offense than general robbery'
2026-07-19 19:12:33,937 WARNING haki_ai.rag_engine: GROUNDING_ISSUES_FOUND (attempt 1, retrying): query='robbery with violence' issues=['- The answer\'s conclusion may not match the specific facts in the question: the question describes "robbery with violence" but the answer\'s conclusion applies to "more severe offense than general robbery"'] raw_answer='Robbery with violence is a serious crime in Kenya, as defined by the Penal Code. According to Section 296(2) of the Penal Code [DOCUMENT 1], if an offender commits robbery with violence, they are liab'
2026-07-19 19:16:36,063 ERROR haki_ai.rag_engine: OLLAMA_REQUEST_FAILED: query='robbery with violence' err=HTTPConnectionPool(host='localhost', port=11434): Read timed out. (read timeout=240)
2026-07-19 19:16:36,092 ERROR haki_ai.rag_engine: OLLAMA_NO_ANSWER_ON_RETRY: query='robbery with violence'
2026-07-19 19:16:36,093 INFO haki_ai.main: CHAT_UNAVAILABLE_RESPONSE: session_id=2a8418b1 query='robbery with violence'
2026-07-19 19:18:32,825 INFO haki_ai.rag_engine: RETRIEVAL: query='robbery with violence' doc_type=all n=8 distances=[0.6118260622024536, 0.6428595781326294, 0.650061309337616, 0.7422510385513306, 0.828095555305481, 0.8483068943023682, 0.9167829751968384, 0.9777924418449402]
2026-07-19 19:18:32,952 INFO haki_ai.rag_engine: RETRIEVAL: query='robbery with violence' doc_type=case_law_pdf n=8 distances=[0.5005007982254028, 0.5301368236541748, 0.6700202226638794, 0.705150306224823, 0.7157268524169922, 0.7660095691680908, 0.8022083044052124, 0.8342188596725464]
2026-07-19 19:20:52,605 WARNING haki_ai.rag_engine: FACT_PATTERN_MISMATCH: query='robbery with violence' question_fact='robbery with violence' answer_fact='more severe offense than general robbery'
2026-07-19 19:20:52,608 WARNING haki_ai.rag_engine: GROUNDING_ISSUES_FOUND (attempt 1, retrying): query='robbery with violence' issues=['- The answer\'s conclusion may not match the specific facts in the question: the question describes "robbery with violence" but the answer\'s conclusion applies to "more severe offense than general robbery"'] raw_answer='Robbery with violence is a serious crime in Kenya, as defined by the Penal Code. According to Section 296(2) of the Penal Code [DOCUMENT 1], if an offender commits robbery with violence, they are liab'
2026-07-19 19:24:54,754 ERROR haki_ai.rag_engine: OLLAMA_REQUEST_FAILED: query='robbery with violence' err=HTTPConnectionPool(host='localhost', port=11434): Read timed out. (read timeout=240)
2026-07-19 19:24:54,756 ERROR haki_ai.rag_engine: OLLAMA_NO_ANSWER_ON_RETRY: query='robbery with violence'
2026-07-19 19:24:54,758 INFO haki_ai.main: CHAT_UNAVAILABLE_RESPONSE: session_id=2a8418b1 query='robbery with violence'
2026-07-19 19:30:21,618 INFO haki_ai.rag_engine: RETRIEVAL: query='robbery with violence' doc_type=all n=8 distances=[0.6118260622024536, 0.6428595781326294, 0.650061309337616, 0.7422510385513306, 0.828095555305481, 0.8483068943023682, 0.9167829751968384, 0.9777924418449402]
2026-07-19 19:30:21,646 INFO haki_ai.rag_engine: RETRIEVAL: query='robbery with violence' doc_type=case_law_pdf n=8 distances=[0.5005007982254028, 0.5301368236541748, 0.6700202226638794, 0.705150306224823, 0.7157268524169922, 0.7660095691680908, 0.8022083044052124, 0.8342188596725464]
2026-07-19 19:33:59,424 ERROR haki_ai.rag_engine: FACT_PATTERN_CHECK_FAILED: query='robbery with violence' err=HTTPConnectionPool(host='localhost', port=11434): Read timed out. (read timeout=120)
2026-07-21 14:32:54,929 INFO logic.embeddings: EmbeddingsService initialized
2026-07-21 14:32:56,020 INFO haki_ai.main: STARTUP: Kenyan Legal Assistant API starting
2026-07-21 14:35:53,619 INFO logic.embeddings: Loading model from: D:\projects\kenyan-legal-bot\backend\data\models\all-MiniLM-L6-v2
2026-07-21 14:35:53,646 INFO sentence_transformers.base.model: Loading SentenceTransformer model from D:\projects\kenyan-legal-bot\backend\data\models\all-MiniLM-L6-v2.
2026-07-21 14:36:00,544 INFO logic.embeddings: ✓ Model loaded successfully in 3.2s
  Path: D:\projects\kenyan-legal-bot\backend\data\models\all-MiniLM-L6-v2
  Dimension: 384
  Cache: 4.2084808349609375MB
2026-07-21 14:36:00,545 INFO haki_ai.main: EMBEDDINGS_LOADED
2026-07-21 14:36:09,109 INFO haki_ai.rag_engine: RAG_DB_LOADED: count=3807
2026-07-21 14:36:09,113 INFO haki_ai.main: RAG_ENGINE_READY: waited=6.5s doc_count=3807
2026-07-21 14:36:09,141 INFO logic.search_tool: Search tool ready. Topics: 9. Gemini: Configured
2026-07-21 14:36:09,158 INFO haki_ai.main: SEARCH_TOOL_READY: known_topics=9
2026-07-21 14:36:13,387 INFO haki_ai.main: OLLAMA_READY: available_models=['llama3.2:latest'] configured_model=llama3.2:latest
2026-07-21 14:36:13,393 INFO haki_ai.main: STARTUP_COMPLETE
2026-07-21 14:39:40,726 INFO haki_ai.main: NEW_SESSION: session_id=2ad1fc3f user_type=lawyer
2026-07-21 14:47:38,391 INFO haki_ai.main: SHUTDOWN: Kenyan Legal Assistant API stopping
2026-07-21 14:47:38,397 INFO logic.data_manager: DataManager closed
2026-07-21 14:48:24,049 INFO logic.embeddings: EmbeddingsService initialized
2026-07-21 14:48:24,330 INFO haki_ai.main: STARTUP: Kenyan Legal Assistant API starting
2026-07-21 14:48:44,787 INFO logic.embeddings: Loading model from: D:\projects\kenyan-legal-bot\backend\data\models\all-MiniLM-L6-v2
2026-07-21 14:48:44,792 INFO sentence_transformers.base.model: Loading SentenceTransformer model from D:\projects\kenyan-legal-bot\backend\data\models\all-MiniLM-L6-v2.
2026-07-21 14:48:45,333 INFO logic.embeddings: ✓ Model loaded successfully in 0.4s
  Path: D:\projects\kenyan-legal-bot\backend\data\models\all-MiniLM-L6-v2
  Dimension: 384
  Cache: 4.2084808349609375MB
2026-07-21 14:48:45,334 INFO haki_ai.main: EMBEDDINGS_LOADED
2026-07-21 14:48:47,546 INFO haki_ai.rag_engine: RAG_DB_LOADED: count=3807
2026-07-21 14:48:47,549 INFO haki_ai.main: RAG_ENGINE_READY: waited=2.0s doc_count=3807
2026-07-21 14:48:47,551 INFO logic.search_tool: Search tool ready. Topics: 9. Gemini: Configured
2026-07-21 14:48:47,551 INFO haki_ai.main: SEARCH_TOOL_READY: known_topics=9
2026-07-21 14:48:51,683 INFO haki_ai.main: OLLAMA_READY: available_models=['llama3.2:latest'] configured_model=llama3.2:latest
2026-07-21 14:48:51,688 INFO haki_ai.main: STARTUP_COMPLETE
2026-07-21 14:51:41,242 INFO haki_ai.main: NEW_SESSION: session_id=2a0b5ac9 user_type=lawyer
2026-07-21 14:51:55,567 INFO haki_ai.rag_engine: RETRIEVAL: query='robbery with violence' doc_type=all n=8 distances=[0.6118260622024536, 0.6428595781326294, 0.650061309337616, 0.7422510385513306, 0.828095555305481, 0.8483068943023682, 0.9167829751968384, 0.9777924418449402]
2026-07-21 14:51:55,612 INFO haki_ai.rag_engine: RETRIEVAL: query='robbery with violence' doc_type=case_law_pdf n=8 distances=[0.5005007982254028, 0.5301368236541748, 0.6700202226638794, 0.705150306224823, 0.7157268524169922, 0.7660095691680908, 0.8022083044052124, 0.8342188596725464]
2026-07-21 14:55:57,653 ERROR haki_ai.rag_engine: OLLAMA_REQUEST_FAILED: query='robbery with violence' err=HTTPConnectionPool(host='localhost', port=11434): Read timed out. (read timeout=240)
2026-07-21 14:55:57,654 ERROR haki_ai.rag_engine: OLLAMA_NO_ANSWER: query='robbery with violence'
2026-07-21 14:55:57,654 INFO haki_ai.main: CHAT_UNAVAILABLE_RESPONSE: session_id=2a0b5ac9 query='robbery with violence'
2026-07-21 14:57:10,198 INFO haki_ai.rag_engine: RETRIEVAL: query='robbery with violence' doc_type=all n=8 distances=[0.6118260622024536, 0.6428595781326294, 0.650061309337616, 0.7422510385513306, 0.828095555305481, 0.8483068943023682, 0.9167829751968384, 0.9777924418449402]
2026-07-21 14:57:10,228 INFO haki_ai.rag_engine: RETRIEVAL: query='robbery with violence' doc_type=case_law_pdf n=8 distances=[0.5005007982254028, 0.5301368236541748, 0.6700202226638794, 0.705150306224823, 0.7157268524169922, 0.7660095691680908, 0.8022083044052124, 0.8342188596725464]
2026-07-21 15:01:12,266 ERROR haki_ai.rag_engine: OLLAMA_REQUEST_FAILED: query='robbery with violence' err=HTTPConnectionPool(host='localhost', port=11434): Read timed out. (read timeout=240)
2026-07-21 15:01:12,845 ERROR haki_ai.rag_engine: OLLAMA_NO_ANSWER: query='robbery with violence'
2026-07-21 15:01:12,845 INFO haki_ai.main: CHAT_UNAVAILABLE_RESPONSE: session_id=2a0b5ac9 query='robbery with violence'
2026-07-21 15:01:33,242 INFO haki_ai.rag_engine: RETRIEVAL: query='robbery with violence' doc_type=all n=8 distances=[0.6118260622024536, 0.6428595781326294, 0.650061309337616, 0.7422510385513306, 0.828095555305481, 0.8483068943023682, 0.9167829751968384, 0.9777924418449402]
2026-07-21 15:01:33,523 INFO haki_ai.rag_engine: RETRIEVAL: query='robbery with violence' doc_type=case_law_pdf n=8 distances=[0.5005007982254028, 0.5301368236541748, 0.6700202226638794, 0.705150306224823, 0.7157268524169922, 0.7660095691680908, 0.8022083044052124, 0.8342188596725464]
2026-07-21 15:03:52,421 INFO haki_ai.rag_engine: UNQUOTED_CLAIM_AUDIT: 3 low-overlap unquoted sentence(s): ["coverage=0.17 doc1 sentence='According to Section 296(2) of the Penal Code [DOCUMENT 1], if an offender commits robbery with violence, they are liable to imprisonment for fourteen'", "coverage=0.16 doc1 sentence='However, if the offender is armed with any dangerous or offensive weapon or instrument, or is in company with one or more other person or persons, and'", "coverage=0.33 doc1 sentence='This is distinct from the offense defined under Section 295 of the Penal Code, which only requires the use or threat of violence to obtain or retain s'"]
2026-07-21 15:14:04,288 INFO haki_ai.rag_engine: RETRIEVAL: query='robbery with violence' doc_type=all n=8 distances=[0.6118260622024536, 0.6428595781326294, 0.650061309337616, 0.7422510385513306, 0.828095555305481, 0.8483068943023682, 0.9167829751968384, 0.9777924418449402]
2026-07-21 15:14:04,333 INFO haki_ai.rag_engine: RETRIEVAL: query='robbery with violence' doc_type=case_law_pdf n=8 distances=[0.5005007982254028, 0.5301368236541748, 0.6700202226638794, 0.705150306224823, 0.7157268524169922, 0.7660095691680908, 0.8022083044052124, 0.8342188596725464]
2026-07-21 15:15:43,245 INFO haki_ai.rag_engine: UNQUOTED_CLAIM_AUDIT: 3 low-overlap unquoted sentence(s): ["coverage=0.17 doc1 sentence='According to Section 296(2) of the Penal Code [DOCUMENT 1], if an offender commits robbery with violence, they are liable to imprisonment for fourteen'", "coverage=0.16 doc1 sentence='However, if the offender is armed with any dangerous or offensive weapon or instrument, or is in company with one or more other person or persons, and'", "coverage=0.18 doc1 sentence='This is distinct from the offense defined under Section 295 of the Penal Code, which only requires the use or threat of violence.'"]
2026-07-21 15:18:09,957 INFO haki_ai.rag_engine: RETRIEVAL: query='robbery with violence' doc_type=all n=8 distances=[0.6118260622024536, 0.6428595781326294, 0.650061309337616, 0.7422510385513306, 0.828095555305481, 0.8483068943023682, 0.9167829751968384, 0.9777924418449402]
2026-07-21 15:18:10,191 INFO haki_ai.rag_engine: RETRIEVAL: query='robbery with violence' doc_type=case_law_pdf n=8 distances=[0.5005007982254028, 0.5301368236541748, 0.6700202226638794, 0.705150306224823, 0.7157268524169922, 0.7660095691680908, 0.8022083044052124, 0.8342188596725464]
2026-07-21 15:19:47,223 INFO haki_ai.rag_engine: UNQUOTED_CLAIM_AUDIT: 3 low-overlap unquoted sentence(s): ["coverage=0.17 doc1 sentence='According to Section 296(2) of the Penal Code [DOCUMENT 1], if an offender commits robbery with violence, they are liable to imprisonment for fourteen'", "coverage=0.16 doc1 sentence='However, if the offender is armed with any dangerous or offensive weapon or instrument, or is in company with one or more other person or persons, and'", "coverage=0.18 doc1 sentence='This is distinct from the offense defined under Section 295 of the Penal Code, which only requires the use or threat of violence.'"]
2026-07-21 17:13:11,652 INFO haki_ai.rag_engine: RETRIEVAL: query='Before I got married, I inherited land from my deceased father. can my wife claim  the land as part of matrimonial property.' doc_type=all n=8 distances=[0.7170631885528564, 0.7436632513999939, 0.7668008804321289, 0.7774634957313538, 0.7896181344985962, 0.7898503541946411, 0.809934139251709, 0.8579238653182983]
2026-07-21 17:13:13,339 INFO haki_ai.rag_engine: RETRIEVAL: query='Before I got married, I inherited land from my deceased father. can my wife claim  the land as part of matrimonial property.' doc_type=case_law_pdf n=8 distances=[1.4684888124465942, 1.5188331604003906, 1.5289278030395508, 1.532778263092041, 1.55203378200531, 1.5522866249084473, 1.569772720336914, 1.57382333278656]
2026-07-21 17:17:16,784 ERROR haki_ai.rag_engine: OLLAMA_REQUEST_FAILED: query='Before I got married, I inherited land from my deceased father. can my wife claim  the land as part of matrimonial property.' err=HTTPConnectionPool(host='localhost', port=11434): Read timed out. (read timeout=240)
2026-07-21 17:17:17,129 ERROR haki_ai.rag_engine: OLLAMA_NO_ANSWER: query='Before I got married, I inherited land from my deceased father. can my wife claim  the land as part of matrimonial property.'
2026-07-21 17:17:17,517 INFO haki_ai.main: CHAT_UNAVAILABLE_RESPONSE: session_id=2a0b5ac9 query='Before I got married, I inherited land from my deceased father. can my wife claim  the land as part of matrimonial property.'
2026-07-21 17:17:53,499 INFO haki_ai.rag_engine: RETRIEVAL: query='Before I got married, I inherited land from my deceased father. can my wife claim  the land as part of matrimonial property.' doc_type=all n=8 distances=[0.7170631885528564, 0.7436632513999939, 0.7668008804321289, 0.7774634957313538, 0.7896181344985962, 0.7898503541946411, 0.809934139251709, 0.8579238653182983]
2026-07-21 17:17:53,559 INFO haki_ai.rag_engine: RETRIEVAL: query='Before I got married, I inherited land from my deceased father. can my wife claim  the land as part of matrimonial property.' doc_type=case_law_pdf n=8 distances=[1.4684888124465942, 1.5188331604003906, 1.5289278030395508, 1.532778263092041, 1.55203378200531, 1.5522866249084473, 1.569772720336914, 1.57382333278656]
2026-07-21 17:21:08,587 ERROR haki_ai.rag_engine: FACT_PATTERN_CHECK_FAILED: query='Before I got married, I inherited land from my deceased father. can my wife claim  the land as part of matrimonial property.' err=HTTPConnectionPool(host='localhost', port=11434): Read timed out. (read timeout=120)
2026-07-21 17:23:30,273 INFO haki_ai.rag_engine: RETRIEVAL: query='After I got married, I inherited land from my deceased father. can my wife claim  the land as part of matrimonial property.' doc_type=all n=8 distances=[0.7394564747810364, 0.7740688920021057, 0.7916797995567322, 0.7974119782447815, 0.8110584020614624, 0.8175976872444153, 0.8267307281494141, 0.8748508095741272]
2026-07-21 17:23:30,498 INFO haki_ai.rag_engine: RETRIEVAL: query='After I got married, I inherited land from my deceased father. can my wife claim  the land as part of matrimonial property.' doc_type=case_law_pdf n=8 distances=[1.46033775806427, 1.5294380187988281, 1.5332937240600586, 1.5418000221252441, 1.5423054695129395, 1.5526235103607178, 1.5622167587280273, 1.576635479927063]
2026-07-21 17:27:32,576 ERROR haki_ai.rag_engine: OLLAMA_REQUEST_FAILED: query='After I got married, I inherited land from my deceased father. can my wife claim  the land as part of matrimonial property.' err=HTTPConnectionPool(host='localhost', port=11434): Read timed out. (read timeout=240)
2026-07-21 17:27:32,578 ERROR haki_ai.rag_engine: OLLAMA_NO_ANSWER: query='After I got married, I inherited land from my deceased father. can my wife claim  the land as part of matrimonial property.'
2026-07-21 17:27:32,579 INFO haki_ai.main: CHAT_UNAVAILABLE_RESPONSE: session_id=2a0b5ac9 query='After I got married, I inherited land from my deceased father. can my wife claim  the land as part of matrimonial property.'
2026-07-21 17:34:47,768 INFO haki_ai.rag_engine: RETRIEVAL: query='After I got married, I inherited land from my deceased father. can my wife claim  the land as part of matrimonial property.' doc_type=all n=8 distances=[0.7394564747810364, 0.7740688920021057, 0.7916797995567322, 0.7974119782447815, 0.8110584020614624, 0.8175976872444153, 0.8267307281494141, 0.8748508095741272]
2026-07-21 17:34:48,874 INFO haki_ai.rag_engine: RETRIEVAL: query='After I got married, I inherited land from my deceased father. can my wife claim  the land as part of matrimonial property.' doc_type=case_law_pdf n=8 distances=[1.46033775806427, 1.5294380187988281, 1.5332937240600586, 1.5418000221252441, 1.5423054695129395, 1.5526235103607178, 1.5622167587280273, 1.576635479927063]
2026-07-21 17:38:00,970 ERROR haki_ai.rag_engine: FACT_PATTERN_CHECK_FAILED: query='After I got married, I inherited land from my deceased father. can my wife claim  the land as part of matrimonial property.' err=HTTPConnectionPool(host='localhost', port=11434): Read timed out. (read timeout=120)
2026-07-21 17:38:00,972 INFO haki_ai.rag_engine: HONEST_NO_ANSWER: query='After I got married, I inherited land from my deceased father. can my wife claim  the land as part of matrimonial property.'
2026-07-21 18:30:20,819 INFO haki_ai.rag_engine: RETRIEVAL: query='After I got married, I inherited land from my deceased father. can my wife claim  the land as part of matrimonial property.' doc_type=all n=8 distances=[0.7394564747810364, 0.7740688920021057, 0.7916797995567322, 0.7974119782447815, 0.8110584020614624, 0.8175976872444153, 0.8267307281494141, 0.8748508095741272]
2026-07-21 18:30:22,021 INFO haki_ai.rag_engine: RETRIEVAL: query='After I got married, I inherited land from my deceased father. can my wife claim  the land as part of matrimonial property.' doc_type=case_law_pdf n=8 distances=[1.46033775806427, 1.5294380187988281, 1.5332937240600586, 1.5418000221252441, 1.5423054695129395, 1.5526235103607178, 1.5622167587280273, 1.576635479927063]
2026-07-21 18:34:24,124 ERROR haki_ai.rag_engine: OLLAMA_REQUEST_FAILED: query='After I got married, I inherited land from my deceased father. can my wife claim  the land as part of matrimonial property.' err=HTTPConnectionPool(host='localhost', port=11434): Read timed out. (read timeout=240)
2026-07-21 18:34:24,130 ERROR haki_ai.rag_engine: OLLAMA_NO_ANSWER: query='After I got married, I inherited land from my deceased father. can my wife claim  the land as part of matrimonial property.'
2026-07-21 18:34:24,157 INFO haki_ai.main: CHAT_UNAVAILABLE_RESPONSE: session_id=2a0b5ac9 query='After I got married, I inherited land from my deceased father. can my wife claim  the land as part of matrimonial property.'
2026-07-21 18:35:14,351 INFO haki_ai.rag_engine: RETRIEVAL: query='After I got married, I inherited land from my deceased father. can my wife claim  the land as part of matrimonial property.' doc_type=all n=8 distances=[0.7394564747810364, 0.7740688920021057, 0.7916797995567322, 0.7974119782447815, 0.8110584020614624, 0.8175976872444153, 0.8267307281494141, 0.8748508095741272]
2026-07-21 18:35:15,029 INFO haki_ai.rag_engine: RETRIEVAL: query='After I got married, I inherited land from my deceased father. can my wife claim  the land as part of matrimonial property.' doc_type=case_law_pdf n=8 distances=[1.46033775806427, 1.5294380187988281, 1.5332937240600586, 1.5418000221252441, 1.5423054695129395, 1.5526235103607178, 1.5622167587280273, 1.576635479927063]
2026-07-21 18:38:17,933 ERROR haki_ai.rag_engine: FACT_PATTERN_CHECK_FAILED: query='After I got married, I inherited land from my deceased father. can my wife claim  the land as part of matrimonial property.' err=HTTPConnectionPool(host='localhost', port=11434): Read timed out. (read timeout=120)
2026-07-21 18:38:17,942 INFO haki_ai.rag_engine: HONEST_NO_ANSWER: query='After I got married, I inherited land from my deceased father. can my wife claim  the land as part of matrimonial property.'
2026-07-21 18:59:39,779 INFO haki_ai.rag_engine: RETRIEVAL: query='Before I got married, I inherited land from my deceased father. can my wife claim  the land as part of matrimonial property.' doc_type=all n=8 distances=[0.7170631885528564, 0.7436632513999939, 0.7668008804321289, 0.7774634957313538, 0.7896181344985962, 0.7898503541946411, 0.809934139251709, 0.8579238653182983]
2026-07-21 18:59:39,843 INFO haki_ai.rag_engine: RETRIEVAL: query='Before I got married, I inherited land from my deceased father. can my wife claim  the land as part of matrimonial property.' doc_type=case_law_pdf n=8 distances=[1.4684888124465942, 1.5188331604003906, 1.5289278030395508, 1.532778263092041, 1.55203378200531, 1.5522866249084473, 1.569772720336914, 1.57382333278656]
2026-07-21 19:03:40,832 INFO haki_ai.rag_engine: SECTION_NUMBER_AUTOCORRECTED: 12(1) -> 14(1) (from ingestion metadata)
2026-07-21 19:05:30,403 WARNING haki_ai.rag_engine: FACT_PATTERN_MISMATCH: query='Before I got married, I inherited land from my deceased father. can my wife claim  the land as part of matrimonial property.' question_fact='inherited land from deceased father.' answer_fact='presumption of property belonging to both spouses jointly.'
2026-07-21 19:05:30,411 WARNING haki_ai.rag_engine: FACT_PATTERN_ISSUE_SKIP_RETRY (attaching caveat directly): query='Before I got married, I inherited land from my deceased father. can my wife claim  the land as part of matrimonial property.'
2026-07-21 19:15:47,890 INFO haki_ai.rag_engine: RETRIEVAL: query='After I got married, I inherited land from my deceased father. can my wife claim  the land as part of matrimonial property.' doc_type=all n=8 distances=[0.7394564747810364, 0.7740688920021057, 0.7916797995567322, 0.7974119782447815, 0.8110584020614624, 0.8175976872444153, 0.8267307281494141, 0.8748508095741272]
2026-07-21 19:15:48,055 INFO haki_ai.rag_engine: RETRIEVAL: query='After I got married, I inherited land from my deceased father. can my wife claim  the land as part of matrimonial property.' doc_type=case_law_pdf n=8 distances=[1.46033775806427, 1.5294380187988281, 1.5332937240600586, 1.5418000221252441, 1.5423054695129395, 1.5526235103607178, 1.5622167587280273, 1.576635479927063]
2026-07-21 19:21:23,761 WARNING haki_ai.rag_engine: FACT_PATTERN_MISMATCH: query='After I got married, I inherited land from my deceased father. can my wife claim  the land as part of matrimonial property.' question_fact='...inherited land from deceased father after getting married.' answer_fact='...may have an interest but cannot claim as matrimonial property without consent of both spouses.'
2026-07-21 19:21:23,763 WARNING haki_ai.rag_engine: FACT_PATTERN_ISSUE_SKIP_RETRY (attaching caveat directly): query='After I got married, I inherited land from my deceased father. can my wife claim  the land as part of matrimonial property.'
2026-07-21 19:22:27,865 INFO haki_ai.rag_engine: RETRIEVAL: query='After I got married, I inherited land from my deceased father. can my wife claim  the land as part of matrimonial property.' doc_type=all n=8 distances=[0.7394564747810364, 0.7740688920021057, 0.7916797995567322, 0.7974119782447815, 0.8110584020614624, 0.8175976872444153, 0.8267307281494141, 0.8748508095741272]
2026-07-21 19:22:27,998 INFO haki_ai.rag_engine: RETRIEVAL: query='After I got married, I inherited land from my deceased father. can my wife claim  the land as part of matrimonial property.' doc_type=case_law_pdf n=8 distances=[1.46033775806427, 1.5294380187988281, 1.5332937240600586, 1.5418000221252441, 1.5423054695129395, 1.5526235103607178, 1.5622167587280273, 1.576635479927063]
2026-07-21 19:27:13,172 WARNING haki_ai.rag_engine: FACT_PATTERN_MISMATCH: query='After I got married, I inherited land from my deceased father. can my wife claim  the land as part of matrimonial property.' question_fact='...inherited land from deceased father after getting married.' answer_fact='...may have an interest but cannot claim as matrimonial property without consent of both spouses.'
2026-07-21 19:27:13,173 WARNING haki_ai.rag_engine: FACT_PATTERN_ISSUE_SKIP_RETRY (attaching caveat directly): query='After I got married, I inherited land from my deceased father. can my wife claim  the land as part of matrimonial property.'
2026-07-21 19:30:54,629 INFO haki_ai.rag_engine: RETRIEVAL: query='robbery with violence' doc_type=all n=8 distances=[0.6118260622024536, 0.6428595781326294, 0.650061309337616, 0.7422510385513306, 0.828095555305481, 0.8483068943023682, 0.9167829751968384, 0.9777924418449402]
2026-07-21 19:30:54,653 INFO haki_ai.rag_engine: RETRIEVAL: query='robbery with violence' doc_type=case_law_pdf n=8 distances=[0.5005007982254028, 0.5301368236541748, 0.6700202226638794, 0.705150306224823, 0.7157268524169922, 0.7660095691680908, 0.8022083044052124, 0.8342188596725464]
2026-07-21 19:34:56,716 ERROR haki_ai.rag_engine: OLLAMA_REQUEST_FAILED: query='robbery with violence' err=HTTPConnectionPool(host='localhost', port=11434): Read timed out. (read timeout=240)
2026-07-21 19:34:56,755 ERROR haki_ai.rag_engine: OLLAMA_NO_ANSWER: query='robbery with violence'
2026-07-21 19:34:56,777 INFO haki_ai.main: CHAT_UNAVAILABLE_RESPONSE: session_id=2a0b5ac9 query='robbery with violence'
2026-07-23 10:37:08,345 INFO logic.embeddings: EmbeddingsService initialized
2026-07-23 10:37:10,396 INFO haki_ai.main: STARTUP: Kenyan Legal Assistant API starting
2026-07-23 10:55:50,095 INFO logic.embeddings: EmbeddingsService initialized
2026-07-23 10:55:52,612 INFO haki_ai.main: STARTUP: Kenyan Legal Assistant API starting
2026-07-23 10:58:58,387 INFO logic.embeddings: Loading model from: D:\projects\kenyan-legal-bot\backend\data\models\all-MiniLM-L6-v2
2026-07-23 10:58:58,484 INFO sentence_transformers.base.model: Loading SentenceTransformer model from D:\projects\kenyan-legal-bot\backend\data\models\all-MiniLM-L6-v2.
2026-07-23 10:59:37,759 INFO logic.embeddings: ✓ Model loaded successfully in 1.7s
  Path: D:\projects\kenyan-legal-bot\backend\data\models\all-MiniLM-L6-v2
  Dimension: 384
  Cache: 4.2151031494140625MB
2026-07-23 10:59:37,759 INFO haki_ai.main: EMBEDDINGS_LOADED
2026-07-23 10:59:37,879 INFO logic.search_tool: Search tool ready. Topics: 9. Gemini: Configured
2026-07-23 10:59:37,898 INFO haki_ai.main: SEARCH_TOOL_READY: known_topics=9
2026-07-23 10:59:37,902 INFO haki_ai.main: STARTUP_COMPLETE
2026-07-23 10:59:48,434 INFO haki_ai.rag_engine: RAG_DB_LOADED: count=3807
2026-07-23 10:59:48,444 INFO haki_ai.main: RAG_ENGINE_READY: waited=7.0s doc_count=3807
2026-07-23 10:59:52,931 INFO haki_ai.main: OLLAMA_READY: available_models=['llama3.2:latest'] configured_model=llama3.2:latest
2026-07-23 10:59:52,932 INFO haki_ai.main: BACKGROUND_READINESS_CHECKS_COMPLETE
2026-07-23 11:04:51,449 INFO haki_ai.main: NEW_SESSION: session_id=a76ce56d user_type=lawyer
2026-07-23 11:11:31,625 INFO haki_ai.main: SHUTDOWN: Kenyan Legal Assistant API stopping
2026-07-23 11:11:31,634 INFO logic.data_manager: DataManager closed
2026-07-23 12:56:13,225 INFO logic.embeddings: EmbeddingsService initialized
2026-07-23 12:56:41,107 INFO logic.embeddings: EmbeddingsService initialized
2026-07-23 12:56:41,687 INFO haki_ai.main: STARTUP: Kenyan Legal Assistant API starting
2026-07-23 12:58:26,971 INFO logic.embeddings: Loading model from: D:\projects\kenyan-legal-bot\backend\data\models\all-MiniLM-L6-v2
2026-07-23 12:58:26,979 INFO sentence_transformers.base.model: Loading SentenceTransformer model from D:\projects\kenyan-legal-bot\backend\data\models\all-MiniLM-L6-v2.
2026-07-23 12:58:28,317 INFO logic.embeddings: ✓ Model loaded successfully in 0.7s
  Path: D:\projects\kenyan-legal-bot\backend\data\models\all-MiniLM-L6-v2
  Dimension: 384
  Cache: 4.2151031494140625MB
2026-07-23 12:58:28,318 INFO haki_ai.main: EMBEDDINGS_LOADED
2026-07-23 12:58:28,432 INFO logic.search_tool: Search tool ready. Topics: 9. Gemini: Configured
2026-07-23 12:58:28,441 INFO haki_ai.main: SEARCH_TOOL_READY: known_topics=9
2026-07-23 12:58:28,445 INFO haki_ai.main: STARTUP_COMPLETE
2026-07-23 12:58:32,993 INFO haki_ai.rag_engine: RAG_DB_LOADED: count=3807
2026-07-23 12:58:32,993 INFO haki_ai.main: RAG_ENGINE_READY: waited=4.0s doc_count=3807
2026-07-23 12:58:37,223 INFO haki_ai.main: OLLAMA_READY: available_models=['llama3.2:latest'] configured_model=llama3.2:latest
2026-07-23 12:58:37,224 INFO haki_ai.main: BACKGROUND_READINESS_CHECKS_COMPLETE
2026-07-23 13:27:57,966 INFO logic.embeddings: EmbeddingsService initialized
2026-07-23 13:30:04,712 INFO haki_ai.main: NEW_SESSION: session_id=2eaabacf user_type=lawyer
2026-07-23 13:30:35,223 INFO haki_ai.rag_engine: RETRIEVAL: query='what is robbery with violence?' doc_type=all n=8 distances=[0.6013376712799072, 0.6642168760299683, 0.6958377957344055, 0.7527809143066406, 0.7835608124732971, 0.8792225122451782, 0.9424898028373718, 0.9533820152282715]
2026-07-23 13:30:35,281 INFO haki_ai.rag_engine: RETRIEVAL: query='what is robbery with violence?' doc_type=case_law_pdf n=8 distances=[0.5253152251243591, 0.5574527978897095, 0.693260669708252, 0.8383238315582275, 0.8463197946548462, 0.8605565428733826, 0.8609237670898438, 0.8759970664978027]
2026-07-23 13:34:55,409 ERROR haki_ai.rag_engine: OLLAMA_REQUEST_FAILED: query='what is robbery with violence?' err=HTTPConnectionPool(host='localhost', port=11434): Read timed out. (read timeout=240)
2026-07-23 13:34:56,710 ERROR haki_ai.rag_engine: OLLAMA_NO_ANSWER: query='what is robbery with violence?'
2026-07-23 13:34:56,752 INFO haki_ai.main: CHAT_UNAVAILABLE_RESPONSE: session_id=2eaabacf query='what is robbery with violence?'
2026-07-23 13:35:17,479 INFO haki_ai.main: SHUTDOWN: Kenyan Legal Assistant API stopping
2026-07-23 13:35:18,191 INFO logic.data_manager: DataManager closed
2026-07-23 18:52:25,692 INFO logic.embeddings: EmbeddingsService initialized
2026-07-23 18:52:26,371 INFO haki_ai.main: STARTUP: Kenyan Legal Assistant API starting
2026-07-23 18:53:23,744 INFO logic.embeddings: Loading model from: D:\projects\kenyan-legal-bot\backend\data\models\all-MiniLM-L6-v2
2026-07-23 18:53:23,789 INFO sentence_transformers.base.model: Loading SentenceTransformer model from D:\projects\kenyan-legal-bot\backend\data\models\all-MiniLM-L6-v2.
2026-07-23 18:53:28,524 INFO logic.embeddings: ✓ Model loaded successfully in 3.0s
  Path: D:\projects\kenyan-legal-bot\backend\data\models\all-MiniLM-L6-v2
  Dimension: 384
  Cache: 4.218414306640625MB
2026-07-23 18:53:28,661 INFO haki_ai.main: EMBEDDINGS_LOADED
2026-07-23 18:53:29,130 INFO logic.search_tool: Search tool ready. Topics: 9. Gemini: Configured
2026-07-23 18:53:29,295 INFO haki_ai.main: SEARCH_TOOL_READY: known_topics=9
2026-07-23 18:53:29,321 INFO haki_ai.main: STARTUP_COMPLETE
2026-07-23 18:53:37,632 INFO haki_ai.rag_engine: RAG_DB_LOADED: count=3807
2026-07-23 18:53:37,636 INFO haki_ai.main: RAG_ENGINE_READY: waited=7.5s doc_count=3807
2026-07-23 18:53:42,116 INFO haki_ai.main: OLLAMA_READY: available_models=['llama3.2:latest'] configured_model=llama3.2:latest
2026-07-23 18:53:42,118 INFO haki_ai.main: BACKGROUND_READINESS_CHECKS_COMPLETE
2026-07-23 18:55:14,578 INFO haki_ai.main: NEW_SESSION: session_id=a262df4c user_type=lawyer
2026-07-23 18:56:12,359 INFO haki_ai.rag_engine: RETRIEVAL: query='robbery with violence' doc_type=all n=8 distances=[0.6118260622024536, 0.6428595781326294, 0.650061309337616, 0.7422510385513306, 0.828095555305481, 0.8483068943023682, 0.9167829751968384, 0.9777924418449402]
2026-07-23 18:56:12,640 INFO haki_ai.rag_engine: RETRIEVAL: query='robbery with violence' doc_type=case_law_pdf n=8 distances=[0.5005007982254028, 0.5301368236541748, 0.6700202226638794, 0.705150306224823, 0.7157268524169922, 0.7660095691680908, 0.8022083044052124, 0.8342188596725464]
2026-07-23 19:00:15,737 ERROR haki_ai.rag_engine: OLLAMA_REQUEST_FAILED: query='robbery with violence' err=HTTPConnectionPool(host='localhost', port=11434): Read timed out. (read timeout=240)
2026-07-23 19:00:15,965 ERROR haki_ai.rag_engine: OLLAMA_NO_ANSWER: query='robbery with violence'
2026-07-23 19:00:16,208 INFO haki_ai.main: CHAT_UNAVAILABLE_RESPONSE: session_id=a262df4c query='robbery with violence'
2026-07-23 19:01:31,457 INFO haki_ai.rag_engine: RETRIEVAL: query='robbery with violence' doc_type=all n=8 distances=[0.6118260622024536, 0.6428595781326294, 0.650061309337616, 0.7422510385513306, 0.828095555305481, 0.8483068943023682, 0.9167829751968384, 0.9777924418449402]
2026-07-23 19:01:31,485 INFO haki_ai.rag_engine: RETRIEVAL: query='robbery with violence' doc_type=case_law_pdf n=8 distances=[0.5005007982254028, 0.5301368236541748, 0.6700202226638794, 0.705150306224823, 0.7157268524169922, 0.7660095691680908, 0.8022083044052124, 0.8342188596725464]
2026-07-23 19:04:09,286 INFO haki_ai.rag_engine: UNQUOTED_CLAIM_AUDIT: 3 low-overlap unquoted sentence(s): ["coverage=0.17 doc1 sentence='According to Section 296(2) of the Penal Code [DOCUMENT 1], if an offender commits robbery with violence, they are liable to imprisonment for fourteen'", "coverage=0.16 doc1 sentence='However, if the offender is armed with any dangerous or offensive weapon or instrument, or is in company with one or more other person or persons, and'", "coverage=0.33 doc1 sentence='This is distinct from the offense defined under Section 295 of the Penal Code, which only requires the use or threat of violence to obtain or retain s'"]
2026-07-23 19:15:11,999 INFO haki_ai.rag_engine: RETRIEVAL: query='which date is today' doc_type=all n=8 distances=[1.2378188371658325, 1.299195408821106, 1.3224071264266968, 1.3562291860580444, 1.3872087001800537, 1.4241987466812134, 1.4324462413787842, 1.4343048334121704]
2026-07-23 19:15:12,002 WARNING haki_ai.rag_engine: NO_RELEVANT_RESULTS: query='which date is today' best_distance=1.2378188371658325
2026-07-23 19:15:12,002 INFO haki_ai.main: CHAT_UNAVAILABLE_RESPONSE: session_id=a262df4c query='which date is today'
2026-07-24 12:30:56,494 INFO logic.embeddings: EmbeddingsService initialized
2026-07-24 12:30:57,295 INFO haki_ai.main: STARTUP: Kenyan Legal Assistant API starting
2026-07-24 12:32:33,048 INFO logic.embeddings: Loading model from: D:\projects\kenyan-legal-bot\backend\data\models\all-MiniLM-L6-v2
2026-07-24 12:32:33,074 INFO sentence_transformers.base.model: Loading SentenceTransformer model from D:\projects\kenyan-legal-bot\backend\data\models\all-MiniLM-L6-v2.
2026-07-24 12:32:35,470 INFO logic.embeddings: ✓ Model loaded successfully in 1.1s
  Path: D:\projects\kenyan-legal-bot\backend\data\models\all-MiniLM-L6-v2
  Dimension: 384
  Cache: 4.2217254638671875MB
2026-07-24 12:32:35,487 INFO haki_ai.main: EMBEDDINGS_LOADED
2026-07-24 12:32:35,695 INFO logic.search_tool: Search tool ready. Topics: 9. Gemini: Configured
2026-07-24 12:32:35,732 INFO haki_ai.main: SEARCH_TOOL_READY: known_topics=9
2026-07-24 12:32:35,740 INFO haki_ai.main: STARTUP_COMPLETE
2026-07-24 12:32:43,242 INFO haki_ai.rag_engine: RAG_DB_LOADED: count=3807
2026-07-24 12:32:43,247 INFO haki_ai.main: RAG_ENGINE_READY: waited=6.5s doc_count=3807
2026-07-24 12:32:47,342 INFO haki_ai.main: OLLAMA_READY: available_models=['llama3.2:latest'] configured_model=llama3.2:latest
2026-07-24 12:32:47,343 INFO haki_ai.main: BACKGROUND_READINESS_CHECKS_COMPLETE
2026-07-24 12:32:48,095 INFO haki_ai.main: NEW_SESSION: session_id=2a8ea048 user_type=lawyer
2026-07-24 12:35:42,782 INFO haki_ai.main: NEW_SESSION: session_id=67201939 user_type=lawyer
2026-07-24 12:38:52,373 INFO haki_ai.main: NEW_SESSION: session_id=a4d36d84 user_type=lawyer
2026-07-24 12:38:58,832 INFO haki_ai.main: SESSION_DELETED: session_id=20260724_123735
2026-07-24 12:39:01,404 INFO haki_ai.main: SESSION_DELETED: session_id=67201939
2026-07-24 12:40:09,511 INFO haki_ai.main: NEW_SESSION: session_id=c805dcbf user_type=lawyer
2026-07-24 12:59:02,684 INFO haki_ai.main: NEW_SESSION: session_id=89a7614b user_type=lawyer
2026-07-24 12:59:14,971 INFO haki_ai.rag_engine: RETRIEVAL: query='assault' doc_type=all n=8 distances=[0.8345670700073242, 0.8348313570022583, 0.8642104864120483, 0.8911269307136536, 0.8936511278152466, 0.895013153553009, 0.9118179678916931, 0.9240981340408325]
2026-07-24 12:59:15,048 INFO haki_ai.rag_engine: RETRIEVAL: query='assault' doc_type=case_law_pdf n=8 distances=[1.1684951782226562, 1.1930559873580933, 1.1954271793365479, 1.237202763557434, 1.245194435119629, 1.2521259784698486, 1.2837014198303223, 1.3163743019104004]
2026-07-24 13:08:04,036 INFO haki_ai.rag_engine: RETRIEVAL: query='research on causing physical injury to someone.' doc_type=all n=8 distances=[1.0407378673553467, 1.1245448589324951, 1.1725448369979858, 1.1853107213974, 1.2086201906204224, 1.2169547080993652, 1.224080204963684, 1.2509897947311401]
2026-07-24 13:08:04,137 INFO haki_ai.rag_engine: RETRIEVAL: query='research on causing physical injury to someone.' doc_type=case_law_pdf n=8 distances=[1.300961971282959, 1.3796818256378174, 1.383475422859192, 1.3900718688964844, 1.405097246170044, 1.4077845811843872, 1.4466578960418701, 1.486209511756897]
2026-07-24 13:10:02,809 INFO haki_ai.rag_engine: UNQUOTED_CLAIM_AUDIT: 1 low-overlap unquoted sentence(s): ["coverage=0.29 doc1 sentence='Additionally, if your action causes physical harm that would not have been fatal if the person had received proper treatment or taken precautions, you'"]
2026-07-24 13:21:06,972 INFO haki_ai.rag_engine: RETRIEVAL: query='what is the punishment for assault in kenya' doc_type=all n=8 distances=[0.36200833320617676, 0.5059865117073059, 0.5805211067199707, 0.6113843321800232, 0.6430940628051758, 0.6435229778289795, 0.6523728370666504, 0.6640246510505676]
2026-07-24 13:21:07,112 INFO haki_ai.rag_engine: RETRIEVAL: query='what is the punishment for assault in kenya' doc_type=case_law_pdf n=8 distances=[0.7114206552505493, 0.7981606721878052, 0.8071600198745728, 0.8154435753822327, 0.8856256604194641, 0.9105523228645325, 0.9210362434387207, 0.922042727470398]
2026-07-24 13:23:42,540 WARNING haki_ai.rag_engine: UNGROUNDED_PENALTY_CLAIM: phrases=['five years', 'five years']
2026-07-24 13:23:42,545 WARNING haki_ai.rag_engine: GROUNDING_ISSUES_FOUND (attempt 1, retrying): query='what is the punishment for assault in kenya' issues=['- These stated penalties/sentences could not be found verbatim in the provided legal text: five years; five years.'] raw_answer='In Kenya, the punishment for assault causing actual bodily harm is quite severe. According to [DOCUMENT 1], anyone who commits such an offense is guilty of a misdemeanor and can face imprisonment for '
2026-07-24 13:24:31,276 WARNING haki_ai.rag_engine: UNGROUNDED_PENALTY_CLAIM: phrases=['five years', 'five years']
2026-07-24 13:24:31,278 WARNING haki_ai.rag_engine: UNGROUNDED_QUOTED_CLAIM: phrases=['five years']
2026-07-24 13:24:31,279 WARNING haki_ai.rag_engine: GROUNDING_ISSUES_PERSIST (attempt 2, giving up): query='what is the punishment for assault in kenya' issues=['- These stated penalties/sentences could not be found verbatim in the provided legal text: five years; five years.', '- These quoted claims could not be verified verbatim against the source they were attributed to: five years.'] raw_answer='In Kenya, assault that causes actual bodily harm is considered a misdemeanor. According to [DOCUMENT 1], anyone who commits such an assault is guilty of a misdemeanour and can face imprisonment for "f'
2026-07-24 13:24:31,282 INFO haki_ai.main: CHAT_UNAVAILABLE_RESPONSE: session_id=89a7614b query='what is the punishment for assault in kenya'
2026-07-24 13:38:06,553 INFO haki_ai.rag_engine: RETRIEVAL: query='what is the punishment for assault in kenya' doc_type=all n=8 distances=[0.36200833320617676, 0.5059865117073059, 0.5805211067199707, 0.6113843321800232, 0.6430940628051758, 0.6435229778289795, 0.6523728370666504, 0.6640246510505676]
2026-07-24 13:38:06,580 INFO haki_ai.rag_engine: RETRIEVAL: query='what is the punishment for assault in kenya' doc_type=case_law_pdf n=8 distances=[0.7114206552505493, 0.7981606721878052, 0.8071600198745728, 0.8154435753822327, 0.8856256604194641, 0.9105523228645325, 0.9210362434387207, 0.922042727470398]
2026-07-24 13:41:03,370 WARNING haki_ai.rag_engine: UNGROUNDED_PENALTY_CLAIM: phrases=['five years', 'five years']
2026-07-24 13:41:03,372 WARNING haki_ai.rag_engine: GROUNDING_ISSUES_FOUND (attempt 1, retrying): query='what is the punishment for assault in kenya' issues=['- These stated penalties/sentences could not be found verbatim in the provided legal text: five years; five years.'] raw_answer='In Kenya, the punishment for assault causing actual bodily harm is quite severe. According to [DOCUMENT 1], anyone who commits an assault occasioning actual bodily harm is guilty of a misdemeanour and'
2026-07-24 13:42:10,891 WARNING haki_ai.rag_engine: UNGROUNDED_PENALTY_CLAIM: phrases=['five years', 'five years']
2026-07-24 13:42:10,892 WARNING haki_ai.rag_engine: GROUNDING_ISSUES_PERSIST (attempt 2, giving up): query='what is the punishment for assault in kenya' issues=['- These stated penalties/sentences could not be found verbatim in the provided legal text: five years; five years.'] raw_answer='In Kenya, assault that causes actual bodily harm is considered a misdemeanor. According to Section 251 of the Penal Code [DOCUMENT 1], anyone who commits such an assault is guilty and can be sentenced'
2026-07-24 13:42:10,894 INFO haki_ai.main: CHAT_UNAVAILABLE_RESPONSE: session_id=89a7614b query='what is the punishment for assault in kenya'
2026-07-24 13:45:42,718 INFO haki_ai.rag_engine: RETRIEVAL: query='what is the punishment for assault in kenya' doc_type=all n=8 distances=[0.36200833320617676, 0.5059865117073059, 0.5805211067199707, 0.6113843321800232, 0.6430940628051758, 0.6435229778289795, 0.6523728370666504, 0.6640246510505676]
2026-07-24 13:45:43,064 INFO haki_ai.rag_engine: RETRIEVAL: query='what is the punishment for assault in kenya' doc_type=case_law_pdf n=8 distances=[0.7114206552505493, 0.7981606721878052, 0.8071600198745728, 0.8154435753822327, 0.8856256604194641, 0.9105523228645325, 0.9210362434387207, 0.922042727470398]
2026-07-24 13:46:16,824 WARNING haki_ai.rag_engine: UNGROUNDED_PENALTY_CLAIM: phrases=['five years', 'five years']
2026-07-24 13:46:16,938 WARNING haki_ai.rag_engine: GROUNDING_ISSUES_FOUND (attempt 1, retrying): query='what is the punishment for assault in kenya' issues=['- No valid, in-range document or section/clause citation was found backing the answer at all.', '- These stated penalties/sentences could not be found verbatim in the provided legal text: five years; five years.'] raw_answer='In Kenya, assault can lead to serious consequences under the law. According to Section 251 of the Penal Code (Cap. 63), anyone who commits an assault occasioning actual bodily harm is guilty of a misd'
2026-07-24 13:47:05,729 WARNING haki_ai.rag_engine: UNGROUNDED_PENALTY_CLAIM: phrases=['five years', 'five years']
2026-07-24 13:47:05,753 WARNING haki_ai.rag_engine: GROUNDING_ISSUES_PERSIST (attempt 2, giving up): query='what is the punishment for assault in kenya' issues=['- These stated penalties/sentences could not be found verbatim in the provided legal text: five years; five years.'] raw_answer='In Kenya, assault that causes actual bodily harm is considered a serious offense. According to [DOCUMENT 1], anyone who commits such an assault is guilty of a misdemeanor and can face imprisonment for'
2026-07-24 13:47:05,759 INFO haki_ai.main: CHAT_UNAVAILABLE_RESPONSE: session_id=89a7614b query='what is the punishment for assault in kenya'
2026-07-24 14:21:12,346 INFO logic.embeddings: EmbeddingsService initialized
2026-07-24 14:21:13,838 INFO haki_ai.main: STARTUP: Kenyan Legal Assistant API starting
2026-07-24 14:23:50,142 INFO logic.embeddings: Loading model from: D:\projects\kenyan-legal-bot\backend\data\models\all-MiniLM-L6-v2
2026-07-24 14:23:50,176 INFO sentence_transformers.base.model: Loading SentenceTransformer model from D:\projects\kenyan-legal-bot\backend\data\models\all-MiniLM-L6-v2.
2026-07-24 14:23:52,672 INFO logic.embeddings: ✓ Model loaded successfully in 1.5s
  Path: D:\projects\kenyan-legal-bot\backend\data\models\all-MiniLM-L6-v2
  Dimension: 384
  Cache: 4.231658935546875MB
2026-07-24 14:23:52,674 INFO haki_ai.main: EMBEDDINGS_LOADED
2026-07-24 14:23:52,935 INFO logic.search_tool: Search tool ready. Topics: 9. Gemini: Configured
2026-07-24 14:23:53,301 INFO haki_ai.main: SEARCH_TOOL_READY: known_topics=9
2026-07-24 14:23:53,363 INFO haki_ai.main: STARTUP_COMPLETE
2026-07-24 14:24:01,313 INFO haki_ai.rag_engine: RAG_DB_LOADED: count=3807
2026-07-24 14:24:01,318 INFO haki_ai.main: RAG_ENGINE_READY: waited=7.0s doc_count=3807
2026-07-24 14:24:05,480 INFO haki_ai.main: OLLAMA_READY: available_models=['llama3.2:latest'] configured_model=llama3.2:latest
2026-07-24 14:24:05,481 INFO haki_ai.main: BACKGROUND_READINESS_CHECKS_COMPLETE
2026-07-24 14:26:05,196 INFO haki_ai.main: NEW_SESSION: session_id=6db3b91b user_type=lawyer
2026-07-24 14:27:24,917 INFO haki_ai.main: NEW_SESSION: session_id=79bfb2f3 user_type=lawyer
2026-07-24 14:27:37,339 INFO haki_ai.rag_engine: RETRIEVAL: query='reasearch on Assault causing actual bodily' doc_type=all n=8 distances=[0.805046558380127, 0.8084728717803955, 0.8169103264808655, 0.8546404838562012, 0.8922499418258667, 0.9037530422210693, 0.9070218205451965, 0.9296979904174805]
2026-07-24 14:27:37,407 INFO haki_ai.rag_engine: RETRIEVAL: query='reasearch on Assault causing actual bodily' doc_type=case_law_pdf n=8 distances=[1.0060343742370605, 1.010528564453125, 1.0921213626861572, 1.104852318763733, 1.1190605163574219, 1.125715970993042, 1.1316872835159302, 1.1441084146499634]
2026-07-24 14:31:40,295 ERROR haki_ai.rag_engine: OLLAMA_REQUEST_FAILED: query='reasearch on Assault causing actual bodily' err=HTTPConnectionPool(host='localhost', port=11434): Read timed out. (read timeout=240)
2026-07-24 14:31:41,018 ERROR haki_ai.rag_engine: OLLAMA_NO_ANSWER: query='reasearch on Assault causing actual bodily'
2026-07-24 14:31:41,757 INFO haki_ai.main: CHAT_UNAVAILABLE_RESPONSE: session_id=79bfb2f3 query='reasearch on Assault causing actual bodily'
2026-07-24 14:48:06,507 INFO haki_ai.rag_engine: RETRIEVAL: query='reasearch on Assault causing actual bodily' doc_type=all n=8 distances=[0.805046558380127, 0.8084728717803955, 0.8169103264808655, 0.8546404838562012, 0.8922499418258667, 0.9037530422210693, 0.9070218205451965, 0.9296979904174805]
2026-07-24 14:48:06,615 INFO haki_ai.rag_engine: RETRIEVAL: query='reasearch on Assault causing actual bodily' doc_type=case_law_pdf n=8 distances=[1.0060343742370605, 1.010528564453125, 1.0921213626861572, 1.104852318763733, 1.1190605163574219, 1.125715970993042, 1.1316872835159302, 1.1441084146499634]
2026-07-24 14:51:12,994 WARNING haki_ai.rag_engine: UNGROUNDED_PENALTY_CLAIM: phrases=['five years']
2026-07-24 14:51:13,919 WARNING haki_ai.rag_engine: GROUNDING_ISSUES_FOUND (attempt 1, retrying): query='reasearch on Assault causing actual bodily' issues=['- No valid, in-range document or section/clause citation was found backing the answer at all.', '- These stated penalties/sentences could not be found verbatim in the provided legal text: five years.'] raw_answer='To understand Assault causing actual bodily harm in Kenya, let's break down the key points from the Penal Code. According to Section 251 of the Penal Code (Cap. 63), anyone who commits an assault occa'
2026-07-24 14:52:38,651 INFO haki_ai.rag_engine: UNQUOTED_CLAIM_AUDIT: 3 low-overlap unquoted sentence(s): ["coverage=0.08 doc2 sentence='In other words, if someone physically harms another person, resulting in injury, they can be charged with this specific offense.'", "coverage=0.00 doc2 sentence='The key point here is that the offense itself carries a sentence of one year in prison.'", "coverage=0.33 case1 sentence='For example, in [CASE 1], James Kariuki Wagana v Republic 2018KEHC6157(KLR), the prosecution had to prove one of several ingredients to successfully e'"]
2026-07-24 15:42:34,482 INFO haki_ai.main: NEW_SESSION: session_id=b7e1aa02 user_type=lawyer
2026-07-24 15:42:34,488 INFO haki_ai.main: NEW_SESSION: session_id=961be832 user_type=lawyer
2026-07-24 15:42:58,211 INFO haki_ai.rag_engine: RETRIEVAL: query='assault' doc_type=all n=8 distances=[0.8345670700073242, 0.8348313570022583, 0.8642104864120483, 0.8911269307136536, 0.8936511278152466, 0.895013153553009, 0.9118179678916931, 0.9240981340408325]
2026-07-24 15:42:58,790 INFO haki_ai.rag_engine: RETRIEVAL: query='assault' doc_type=case_law_pdf n=8 distances=[1.1684951782226562, 1.1930559873580933, 1.1954271793365479, 1.237202763557434, 1.245194435119629, 1.2521259784698486, 1.2837014198303223, 1.3163743019104004]
2026-07-24 16:00:42,353 INFO haki_ai.main: NEW_SESSION: session_id=a79290fb user_type=lawyer
2026-07-24 16:36:34,802 INFO haki_ai.main: NEW_SESSION: session_id=e0ff874f user_type=lawyer
2026-07-24 17:07:55,252 INFO haki_ai.main: NEW_SESSION: session_id=40a3d2e8 user_type=lawyer
2026-07-24 17:07:55,265 INFO haki_ai.main: NEW_SESSION: session_id=9c155c59 user_type=lawyer
2026-07-24 17:08:17,783 INFO haki_ai.rag_engine: RETRIEVAL: query='grievous bodily harm' doc_type=all n=8 distances=[0.6076844930648804, 0.7139246463775635, 0.812711238861084, 0.8643831014633179, 0.8984346985816956, 0.9560638666152954, 1.0511698722839355, 1.0983436107635498]
2026-07-24 17:08:18,382 INFO haki_ai.rag_engine: RETRIEVAL: query='grievous bodily harm' doc_type=case_law_pdf n=8 distances=[1.2714511156082153, 1.3162349462509155, 1.3400243520736694, 1.3610210418701172, 1.362923502922058, 1.3824454545974731, 1.3881886005401611, 1.39438796043396]
2026-07-24 17:12:20,441 ERROR haki_ai.rag_engine: OLLAMA_REQUEST_FAILED: query='grievous bodily harm' err=HTTPConnectionPool(host='localhost', port=11434): Read timed out. (read timeout=240)
2026-07-24 17:12:20,443 ERROR haki_ai.rag_engine: OLLAMA_NO_ANSWER: query='grievous bodily harm'
2026-07-24 17:12:20,581 INFO haki_ai.main: CHAT_UNAVAILABLE_RESPONSE: session_id=9c155c59 query='grievous bodily harm'
2026-07-24 17:17:25,715 INFO haki_ai.rag_engine: RETRIEVAL: query='grievous bodily harm' doc_type=all n=8 distances=[0.6076844930648804, 0.7139246463775635, 0.812711238861084, 0.8643831014633179, 0.8984346985816956, 0.9560638666152954, 1.0511698722839355, 1.0983436107635498]
2026-07-24 17:17:26,052 INFO haki_ai.rag_engine: RETRIEVAL: query='grievous bodily harm' doc_type=case_law_pdf n=8 distances=[1.2714511156082153, 1.3162349462509155, 1.3400243520736694, 1.3610210418701172, 1.362923502922058, 1.3824454545974731, 1.3881886005401611, 1.39438796043396]
2026-07-24 17:18:20,634 WARNING haki_ai.rag_engine: POSSIBLE_OVERREACH: query='grievous bodily harm' conclusion_phrases=['you may be able to'] model=llama3.2:latest -- review whether the cited source text actually states this outcome/remedy, or whether the model inferred it.
2026-07-24 17:18:20,675 INFO haki_ai.rag_engine: UNQUOTED_CLAIM_AUDIT: 1 low-overlap unquoted sentence(s): ["coverage=0.25 doc2 sentence='These actions are also considered felonies and carry the same penalty of imprisonment for life.'"]
2026-07-24 17:24:17,832 INFO haki_ai.rag_engine: RETRIEVAL: query='examples of grievous bodily harm' doc_type=all n=8 distances=[0.6743199825286865, 0.7784960269927979, 0.8714069128036499, 0.8950462341308594, 0.9036492109298706, 0.9957324266433716, 1.0064563751220703, 1.0704798698425293]
2026-07-24 17:24:19,028 INFO haki_ai.rag_engine: RETRIEVAL: query='examples of grievous bodily harm' doc_type=case_law_pdf n=8 distances=[1.206782579421997, 1.2298094034194946, 1.2515244483947754, 1.299876093864441, 1.317333459854126, 1.3184734582901, 1.331160306930542, 1.3604555130004883]
2026-07-24 17:26:42,120 INFO haki_ai.rag_engine: UNQUOTED_CLAIM_AUDIT: 2 low-overlap unquoted sentence(s): ["coverage=0.43 doc1 sentence='According to the Penal Code [DOCUMENT 1], grievous bodily harm refers to any act intended to cause harm or disability to another person.'", "coverage=0.17 doc1 sentence='Examples of grievous bodily harm under the Penal Code [DOCUMENT 1] include:\n\n* Unlawfully causing harm with a projectile, spear, sword, knife, or othe'"]
2026-07-24 17:49:31,999 INFO haki_ai.main: SHUTDOWN: Kenyan Legal Assistant API stopping
2026-07-24 17:49:34,936 INFO logic.data_manager: DataManager closed
2026-07-28 13:33:33,951 INFO logic.embeddings: EmbeddingsService initialized
2026-07-28 13:33:38,665 INFO haki_ai.main: STARTUP: Kenyan Legal Assistant API starting
2026-07-28 13:37:18,841 INFO logic.embeddings: Loading model from: D:\projects\kenyan-legal-bot\backend\data\models\all-MiniLM-L6-v2
2026-07-28 13:37:18,870 INFO sentence_transformers.base.model: Loading SentenceTransformer model from D:\projects\kenyan-legal-bot\backend\data\models\all-MiniLM-L6-v2.
2026-07-28 13:37:23,320 INFO logic.embeddings: ✓ Model loaded successfully in 1.3s
  Path: D:\projects\kenyan-legal-bot\backend\data\models\all-MiniLM-L6-v2
  Dimension: 384
  Cache: 4.2415924072265625MB
2026-07-28 13:37:23,320 INFO haki_ai.main: EMBEDDINGS_LOADED
2026-07-28 13:37:23,466 INFO logic.search_tool: Search tool ready. Topics: 9. Gemini: Configured
2026-07-28 13:37:23,601 INFO haki_ai.main: SEARCH_TOOL_READY: known_topics=9
2026-07-28 13:37:23,604 INFO haki_ai.main: STARTUP_COMPLETE
2026-07-28 13:37:40,069 INFO haki_ai.rag_engine: RAG_DB_LOADED: count=3807
2026-07-28 13:37:40,072 INFO haki_ai.main: RAG_ENGINE_READY: waited=10.5s doc_count=3807
2026-07-28 13:37:45,233 INFO haki_ai.main: OLLAMA_READY: available_models=['llama3.2:latest'] configured_model=llama3.2:latest
2026-07-28 13:37:45,239 INFO haki_ai.main: BACKGROUND_READINESS_CHECKS_COMPLETE
2026-07-28 13:40:35,503 INFO haki_ai.main: NEW_SESSION: session_id=533ea48b user_type=lawyer
2026-07-28 13:49:52,954 INFO haki_ai.main: NEW_SESSION: session_id=0668ae5d user_type=lawyer
2026-07-28 13:50:57,314 INFO haki_ai.rag_engine: RETRIEVAL: query='can I ask for proper compensation after being physically assulted by someone?' doc_type=all n=8 distances=[0.8134892582893372, 1.0994274616241455, 1.1165099143981934, 1.1235783100128174, 1.1770654916763306, 1.1902340650558472, 1.1980026960372925, 1.2078015804290771]
2026-07-28 13:50:57,393 INFO haki_ai.rag_engine: RETRIEVAL: query='can I ask for proper compensation after being physically assulted by someone?' doc_type=case_law_pdf n=8 distances=[1.4174399375915527, 1.4734158515930176, 1.4758776426315308, 1.4872478246688843, 1.49985671043396, 1.5262171030044556, 1.5384478569030762, 1.548233985900879]
2026-07-28 13:54:07,939 WARNING haki_ai.rag_engine: FACT_PATTERN_MISMATCH: query='can I ask for proper compensation after being physically assulted by someone?' question_fact='being physically assaulted by someone' answer_fact='if convicted of an offence may be adjudged to make compensation'
2026-07-28 13:54:07,964 WARNING haki_ai.rag_engine: GROUNDING_ISSUES_FOUND (attempt 1, retrying): query='can I ask for proper compensation after being physically assulted by someone?' issues=['- No valid, in-range document or section/clause citation was found backing the answer at all.', '- The answer\'s conclusion may not match the specific facts in the question: the question describes "being physically assaulted by someone" but the answer\'s conclusion applies to "if convicted of an offence may be adjudged to make compensation"'] raw_answer='If you've been physically assaulted by someone, you may be entitled to compensation under the Penal Code. According to section 31, "Any person who is convicted of an offence may be adjudged to make co'
2026-07-28 13:56:17,096 WARNING haki_ai.rag_engine: FACT_PATTERN_ISSUE_CARRIED_FORWARD (attempt 2, returning with caveat): query='can I ask for proper compensation after being physically assulted by someone?'
2026-07-28 13:56:17,243 WARNING haki_ai.rag_engine: POSSIBLE_OVERREACH: query='can I ask for proper compensation after being physically assulted by someone?' conclusion_phrases=['you may be able to'] model=llama3.2:latest -- review whether the cited source text actually states this outcome/remedy, or whether the model inferred it.
2026-07-28 13:56:17,260 INFO haki_ai.rag_engine: UNQUOTED_CLAIM_AUDIT: 3 low-overlap unquoted sentence(s): ["coverage=0.09 doc1 sentence='If you've been physically assaulted by someone, you may be able to claim compensation under the Penal Code [DOCUMENT 1].'", "coverage=0.38 doc1 sentence='In this case, the most relevant provision is section 31 itself, which states that compensation can be awarded in addition to or in substitution for an'", "coverage=0.08 doc1 sentence='However, it's essential to note that the text does not specify what form of compensation is available or how much it would be.'"]
2026-07-28 15:13:47,745 INFO haki_ai.main: SESSION_DELETED: session_id=2a8418b1
2026-07-28 15:13:55,359 INFO haki_ai.main: SESSION_DELETED: session_id=2a0b5ac9
2026-07-28 15:21:38,129 INFO haki_ai.main: NEW_SESSION: session_id=8a45eaec user_type=lawyer
2026-07-28 15:21:55,876 INFO haki_ai.rag_engine: RETRIEVAL: query='robbery with violence' doc_type=all n=8 distances=[0.6118260622024536, 0.6428595781326294, 0.650061309337616, 0.7422510385513306, 0.828095555305481, 0.8483068943023682, 0.9167829751968384, 0.9777924418449402]
2026-07-28 15:21:56,013 INFO haki_ai.rag_engine: RETRIEVAL: query='robbery with violence' doc_type=case_law_pdf n=8 distances=[0.5005007982254028, 0.5301368236541748, 0.6700202226638794, 0.705150306224823, 0.7157268524169922, 0.7660095691680908, 0.8022083044052124, 0.8342188596725464]
2026-07-28 15:25:58,785 ERROR haki_ai.rag_engine: OLLAMA_REQUEST_FAILED: query='robbery with violence' err=HTTPConnectionPool(host='localhost', port=11434): Read timed out. (read timeout=240)
2026-07-28 15:25:58,812 ERROR haki_ai.rag_engine: OLLAMA_NO_ANSWER: query='robbery with violence'
2026-07-28 15:25:58,812 INFO haki_ai.main: CHAT_UNAVAILABLE_RESPONSE: session_id=8a45eaec query='robbery with violence'
2026-07-28 15:27:04,015 INFO haki_ai.main: NEW_SESSION: session_id=f55f8c9c user_type=lawyer
2026-07-28 15:30:59,679 INFO haki_ai.main: NEW_SESSION: session_id=1eebebaf user_type=lawyer
2026-07-28 15:35:10,580 INFO haki_ai.main: NEW_SESSION: session_id=bfc493d8 user_type=lawyer
2026-07-28 15:42:08,688 INFO haki_ai.main: NEW_SESSION: session_id=84838ea5 user_type=lawyer
2026-07-28 15:42:27,482 INFO haki_ai.rag_engine: RETRIEVAL: query='robbery with violence' doc_type=all n=8 distances=[0.6118260622024536, 0.6428595781326294, 0.650061309337616, 0.7422510385513306, 0.828095555305481, 0.8483068943023682, 0.9167829751968384, 0.9777924418449402]
2026-07-28 15:42:27,577 INFO haki_ai.rag_engine: RETRIEVAL: query='robbery with violence' doc_type=case_law_pdf n=8 distances=[0.5005007982254028, 0.5301368236541748, 0.6700202226638794, 0.705150306224823, 0.7157268524169922, 0.7660095691680908, 0.8022083044052124, 0.8342188596725464]
2026-07-28 15:46:30,506 ERROR haki_ai.rag_engine: OLLAMA_REQUEST_FAILED: query='robbery with violence' err=HTTPConnectionPool(host='localhost', port=11434): Read timed out. (read timeout=240)
2026-07-28 15:46:30,579 ERROR haki_ai.rag_engine: OLLAMA_NO_ANSWER: query='robbery with violence'
2026-07-28 15:46:30,582 INFO haki_ai.main: CHAT_UNAVAILABLE_RESPONSE: session_id=84838ea5 query='robbery with violence'
2026-07-28 15:47:37,747 INFO haki_ai.rag_engine: RETRIEVAL: query='robbery with violence' doc_type=all n=8 distances=[0.6118260622024536, 0.6428595781326294, 0.650061309337616, 0.7422510385513306, 0.828095555305481, 0.8483068943023682, 0.9167829751968384, 0.9777924418449402]
2026-07-28 15:47:37,840 INFO haki_ai.rag_engine: RETRIEVAL: query='robbery with violence' doc_type=case_law_pdf n=8 distances=[0.5005007982254028, 0.5301368236541748, 0.6700202226638794, 0.705150306224823, 0.7157268524169922, 0.7660095691680908, 0.8022083044052124, 0.8342188596725464]
2026-07-28 15:49:27,435 INFO haki_ai.rag_engine: UNQUOTED_CLAIM_AUDIT: 3 low-overlap unquoted sentence(s): ["coverage=0.17 doc1 sentence='According to Section 296(2) of the Penal Code [DOCUMENT 1], if an offender commits robbery with violence, they are liable to imprisonment for fourteen'", "coverage=0.16 doc1 sentence='However, if the offender is armed with any dangerous or offensive weapon or instrument, or is in company with one or more other person or persons, and'", "coverage=0.33 doc1 sentence='This is distinct from the offense defined under Section 295 of the Penal Code, which only requires the use or threat of violence to obtain or retain s'"]
2026-07-28 15:52:12,878 INFO haki_ai.main: NEW_SESSION: session_id=81a136d3 user_type=lawyer
2026-07-28 15:53:10,717 INFO haki_ai.rag_engine: RETRIEVAL: query='I inherited land before marriage from my deceased father. can my wife clain it during divorce?' doc_type=all n=8 distances=[0.9322544932365417, 0.9614283442497253, 0.9657723903656006, 0.9733471870422363, 0.975556492805481, 0.9844045639038086, 0.9905857443809509, 1.0076559782028198]
2026-07-28 15:53:11,350 INFO haki_ai.rag_engine: RETRIEVAL: query='I inherited land before marriage from my deceased father. can my wife clain it during divorce?' doc_type=case_law_pdf n=8 distances=[1.5202481746673584, 1.530890703201294, 1.5494509935379028, 1.5589113235473633, 1.585503339767456, 1.5951244831085205, 1.6103274822235107, 1.6155894994735718]
2026-07-28 15:57:04,880 INFO haki_ai.rag_engine: FACT_PATTERN_OK: query='I inherited land before marriage from my deceased father. can my wife clain it during divorce?' question_fact='inherited land before marriage from deceased father.' answer_fact='your wife cannot claim the inheritance as part of matrimonial property.'
2026-07-28 15:57:04,886 INFO haki_ai.rag_engine: UNQUOTED_CLAIM_AUDIT: 2 low-overlap unquoted sentence(s): ["coverage=0.29 doc4 sentence='However, since the land was inherited before marriage, this presumption does not apply.'", "coverage=0.15 doc4 sentence='This means that your wife cannot claim the inheritance as part of the matrimonial property, and it remains separate from any marital assets.'"]
2026-07-28 16:00:20,567 ERROR haki_ai.main: OLLAMA_CHECK_UNEXPECTED_ERROR: attempt=0 err=HTTPConnectionPool(host='localhost', port=11434): Read timed out. (read timeout=3)
2026-07-28 16:02:07,090 INFO haki_ai.main: NEW_SESSION: session_id=5bea894a user_type=lawyer
2026-07-28 16:03:01,253 INFO haki_ai.main: NEW_SESSION: session_id=d85310ef user_type=lawyer
2026-07-28 17:47:00,212 INFO haki_ai.main: NEW_SESSION: session_id=c0867cf8 user_type=lawyer
2026-07-28 17:55:32,036 INFO haki_ai.main: NEW_SESSION: session_id=8afe6dbd user_type=lawyer
2026-07-28 17:58:27,261 INFO haki_ai.rag_engine: RETRIEVAL: query='what is the bail and bond for robbery  with violence' doc_type=all n=8 distances=[0.7685204744338989, 0.784378170967102, 0.7903978824615479, 0.7905042171478271, 0.7960810661315918, 0.814893901348114, 0.8189997673034668, 0.8222715258598328]
2026-07-28 17:58:27,935 INFO haki_ai.rag_engine: RETRIEVAL: query='what is the bail and bond for robbery  with violence' doc_type=case_law_pdf n=8 distances=[0.5895709991455078, 0.6552355289459229, 0.7239155769348145, 0.798437774181366, 0.7986592054367065, 0.8485766649246216, 0.8635233640670776, 0.9271231889724731]
2026-07-28 18:02:30,467 ERROR haki_ai.rag_engine: OLLAMA_REQUEST_FAILED: query='what is the bail and bond for robbery  with violence' err=HTTPConnectionPool(host='localhost', port=11434): Read timed out. (read timeout=240)
2026-07-28 18:02:32,560 ERROR haki_ai.rag_engine: OLLAMA_NO_ANSWER: query='what is the bail and bond for robbery  with violence'
2026-07-28 18:02:32,561 INFO haki_ai.main: CHAT_UNAVAILABLE_RESPONSE: session_id=8afe6dbd query='what is the bail and bond for robbery  with violence'
2026-07-28 18:03:26,830 INFO haki_ai.rag_engine: RETRIEVAL: query='what is the bail and bond for robbery  with violence' doc_type=all n=8 distances=[0.7685204744338989, 0.784378170967102, 0.7903978824615479, 0.7905042171478271, 0.7960810661315918, 0.814893901348114, 0.8189997673034668, 0.8222715258598328]
2026-07-28 18:03:27,088 INFO haki_ai.rag_engine: RETRIEVAL: query='what is the bail and bond for robbery  with violence' doc_type=case_law_pdf n=8 distances=[0.5895709991455078, 0.6552355289459229, 0.7239155769348145, 0.798437774181366, 0.7986592054367065, 0.8485766649246216, 0.8635233640670776, 0.9271231889724731]
2026-07-28 18:07:29,281 ERROR haki_ai.rag_engine: OLLAMA_REQUEST_FAILED: query='what is the bail and bond for robbery  with violence' err=HTTPConnectionPool(host='localhost', port=11434): Read timed out. (read timeout=240)
2026-07-28 18:07:29,286 ERROR haki_ai.rag_engine: OLLAMA_NO_ANSWER: query='what is the bail and bond for robbery  with violence'
2026-07-28 18:07:29,287 INFO haki_ai.main: CHAT_UNAVAILABLE_RESPONSE: session_id=8afe6dbd query='what is the bail and bond for robbery  with violence'
2026-07-28 18:11:32,914 INFO haki_ai.rag_engine: RETRIEVAL: query='what is the bail and bond for robbery  with violence' doc_type=all n=8 distances=[0.7685204744338989, 0.784378170967102, 0.7903978824615479, 0.7905042171478271, 0.7960810661315918, 0.814893901348114, 0.8189997673034668, 0.8222715258598328]
2026-07-28 18:11:32,963 INFO haki_ai.rag_engine: RETRIEVAL: query='what is the bail and bond for robbery  with violence' doc_type=case_law_pdf n=8 distances=[0.5895709991455078, 0.6552355289459229, 0.7239155769348145, 0.798437774181366, 0.7986592054367065, 0.8485766649246216, 0.8635233640670776, 0.9271231889724731]
2026-07-28 18:13:26,193 WARNING haki_ai.rag_engine: OLLAMA_TRUNCATED: query='what is the bail and bond for robbery  with violence' raw_len=1213
2026-07-28 18:13:32,887 INFO haki_ai.rag_engine: UNQUOTED_CLAIM_AUDIT: 1 low-overlap unquoted sentence(s): ["coverage=0.00 doc3 sentence='[DOCUMENT 3: Criminal Procedure Code]\n\nIn real-world cases, it's clear that the prosecution must follow these guidelines carefully when charging robbe'"]
2026-07-28 18:20:15,902 INFO haki_ai.main: NEW_SESSION: session_id=70c8648c user_type=lawyer
2026-07-28 19:48:51,416 INFO haki_ai.main: SESSION_DELETED: session_id=a262df4c
2026-07-28 19:50:54,952 INFO haki_ai.main: SESSION_DELETED: session_id=89a7614b
2026-07-28 19:50:59,878 INFO haki_ai.main: SESSION_DELETED: session_id=79bfb2f3
2026-07-28 19:51:01,804 INFO haki_ai.main: SESSION_DELETED: session_id=961be832
2026-07-28 19:51:03,997 INFO haki_ai.main: SESSION_DELETED: session_id=9c155c59
2026-07-28 19:51:05,494 INFO haki_ai.main: SESSION_DELETED: session_id=0668ae5d
2026-07-28 19:51:07,005 INFO haki_ai.main: SESSION_DELETED: session_id=84838ea5
2026-07-28 19:51:08,813 INFO haki_ai.main: SESSION_DELETED: session_id=81a136d3
2026-07-28 20:16:39,873 INFO haki_ai.main: NEW_SESSION: session_id=519581b7 user_type=lawyer
2026-07-29 10:13:46,872 INFO logic.embeddings: EmbeddingsService initialized
2026-07-29 10:13:47,496 INFO haki_ai.main: STARTUP: Kenyan Legal Assistant API starting
2026-07-29 10:22:35,740 INFO logic.embeddings: Loading model from: D:\projects\kenyan-legal-bot\backend\data\models\all-MiniLM-L6-v2
2026-07-29 10:22:35,777 INFO sentence_transformers.base.model: Loading SentenceTransformer model from D:\projects\kenyan-legal-bot\backend\data\models\all-MiniLM-L6-v2.
2026-07-29 10:23:19,290 INFO logic.embeddings: ✓ Model loaded successfully in 38.3s
  Path: D:\projects\kenyan-legal-bot\backend\data\models\all-MiniLM-L6-v2
  Dimension: 384
  Cache: 4.25152587890625MB
2026-07-29 10:23:19,291 INFO haki_ai.main: EMBEDDINGS_LOADED
2026-07-29 10:23:19,441 INFO logic.search_tool: Search tool ready. Topics: 9. Gemini: Configured
2026-07-29 10:23:19,482 INFO haki_ai.main: SEARCH_TOOL_READY: known_topics=9
2026-07-29 10:23:19,493 INFO haki_ai.main: STARTUP_COMPLETE
2026-07-29 10:23:23,834 WARNING haki_ai.main: OLLAMA_CHECK_CONNECTION_ERROR: attempt=0 err=HTTPConnectionPool(host='localhost', port=11434): Max retries exceeded with url: /api/tags (Caused by NewConnectionError("HTTPConnection(host='localhost', port=11434): Failed to establish a new connection: [WinError 10061] No connection could be made because the target machine actively refused it"))
2026-07-29 10:23:28,174 INFO haki_ai.rag_engine: RAG_DB_LOADED: count=3807
2026-07-29 10:23:28,179 INFO haki_ai.main: RAG_ENGINE_READY: waited=7.5s doc_count=3807
2026-07-29 10:23:29,515 WARNING haki_ai.main: OLLAMA_CHECK_CONNECTION_ERROR: attempt=1 err=HTTPConnectionPool(host='localhost', port=11434): Max retries exceeded with url: /api/tags (Caused by NewConnectionError("HTTPConnection(host='localhost', port=11434): Failed to establish a new connection: [WinError 10061] No connection could be made because the target machine actively refused it"))
2026-07-29 10:23:32,258 WARNING haki_ai.main: OLLAMA_CHECK_CONNECTION_ERROR: attempt=0 err=HTTPConnectionPool(host='localhost', port=11434): Max retries exceeded with url: /api/tags (Caused by NewConnectionError("HTTPConnection(host='localhost', port=11434): Failed to establish a new connection: [WinError 10061] No connection could be made because the target machine actively refused it"))
2026-07-29 10:23:34,576 WARNING haki_ai.main: OLLAMA_CHECK_CONNECTION_ERROR: attempt=2 err=HTTPConnectionPool(host='localhost', port=11434): Max retries exceeded with url: /api/tags (Caused by NewConnectionError("HTTPConnection(host='localhost', port=11434): Failed to establish a new connection: [WinError 10061] No connection could be made because the target machine actively refused it"))
2026-07-29 10:23:37,319 WARNING haki_ai.main: OLLAMA_CHECK_CONNECTION_ERROR: attempt=1 err=HTTPConnectionPool(host='localhost', port=11434): Max retries exceeded with url: /api/tags (Caused by NewConnectionError("HTTPConnection(host='localhost', port=11434): Failed to establish a new connection: [WinError 10061] No connection could be made because the target machine actively refused it"))
2026-07-29 10:23:40,159 WARNING haki_ai.main: OLLAMA_CHECK_CONNECTION_ERROR: attempt=0 err=HTTPConnectionPool(host='localhost', port=11434): Max retries exceeded with url: /api/tags (Caused by NewConnectionError("HTTPConnection(host='localhost', port=11434): Failed to establish a new connection: [WinError 10061] No connection could be made because the target machine actively refused it"))
2026-07-29 10:23:42,401 WARNING haki_ai.main: OLLAMA_CHECK_CONNECTION_ERROR: attempt=2 err=HTTPConnectionPool(host='localhost', port=11434): Max retries exceeded with url: /api/tags (Caused by NewConnectionError("HTTPConnection(host='localhost', port=11434): Failed to establish a new connection: [WinError 10061] No connection could be made because the target machine actively refused it"))
2026-07-29 10:23:42,442 ERROR haki_ai.main: OLLAMA_NOT_RUNNING: startup check failed after retries
2026-07-29 10:23:42,443 INFO haki_ai.main: BACKGROUND_READINESS_CHECKS_COMPLETE
2026-07-29 10:23:45,225 WARNING haki_ai.main: OLLAMA_CHECK_CONNECTION_ERROR: attempt=1 err=HTTPConnectionPool(host='localhost', port=11434): Max retries exceeded with url: /api/tags (Caused by NewConnectionError("HTTPConnection(host='localhost', port=11434): Failed to establish a new connection: [WinError 10061] No connection could be made because the target machine actively refused it"))
2026-07-29 10:23:50,303 WARNING haki_ai.main: OLLAMA_CHECK_CONNECTION_ERROR: attempt=2 err=HTTPConnectionPool(host='localhost', port=11434): Max retries exceeded with url: /api/tags (Caused by NewConnectionError("HTTPConnection(host='localhost', port=11434): Failed to establish a new connection: [WinError 10061] No connection could be made because the target machine actively refused it"))
2026-07-29 10:24:07,827 WARNING haki_ai.main: OLLAMA_CHECK_CONNECTION_ERROR: attempt=0 err=HTTPConnectionPool(host='localhost', port=11434): Max retries exceeded with url: /api/tags (Caused by NewConnectionError("HTTPConnection(host='localhost', port=11434): Failed to establish a new connection: [WinError 10061] No connection could be made because the target machine actively refused it"))
2026-07-29 10:24:12,898 WARNING haki_ai.main: OLLAMA_CHECK_CONNECTION_ERROR: attempt=1 err=HTTPConnectionPool(host='localhost', port=11434): Max retries exceeded with url: /api/tags (Caused by NewConnectionError("HTTPConnection(host='localhost', port=11434): Failed to establish a new connection: [WinError 10061] No connection could be made because the target machine actively refused it"))
2026-07-29 10:24:18,030 WARNING haki_ai.main: OLLAMA_CHECK_CONNECTION_ERROR: attempt=2 err=HTTPConnectionPool(host='localhost', port=11434): Max retries exceeded with url: /api/tags (Caused by NewConnectionError("HTTPConnection(host='localhost', port=11434): Failed to establish a new connection: [WinError 10061] No connection could be made because the target machine actively refused it"))
2026-07-29 10:24:22,110 WARNING haki_ai.main: OLLAMA_CHECK_CONNECTION_ERROR: attempt=0 err=HTTPConnectionPool(host='localhost', port=11434): Max retries exceeded with url: /api/tags (Caused by NewConnectionError("HTTPConnection(host='localhost', port=11434): Failed to establish a new connection: [WinError 10061] No connection could be made because the target machine actively refused it"))
2026-07-29 10:24:27,195 WARNING haki_ai.main: OLLAMA_CHECK_CONNECTION_ERROR: attempt=1 err=HTTPConnectionPool(host='localhost', port=11434): Max retries exceeded with url: /api/tags (Caused by NewConnectionError("HTTPConnection(host='localhost', port=11434): Failed to establish a new connection: [WinError 10061] No connection could be made because the target machine actively refused it"))
2026-07-29 10:24:32,261 WARNING haki_ai.main: OLLAMA_CHECK_CONNECTION_ERROR: attempt=2 err=HTTPConnectionPool(host='localhost', port=11434): Max retries exceeded with url: /api/tags (Caused by NewConnectionError("HTTPConnection(host='localhost', port=11434): Failed to establish a new connection: [WinError 10061] No connection could be made because the target machine actively refused it"))
2026-07-29 10:24:37,860 WARNING haki_ai.main: OLLAMA_CHECK_CONNECTION_ERROR: attempt=0 err=HTTPConnectionPool(host='localhost', port=11434): Max retries exceeded with url: /api/tags (Caused by NewConnectionError("HTTPConnection(host='localhost', port=11434): Failed to establish a new connection: [WinError 10061] No connection could be made because the target machine actively refused it"))
2026-07-29 10:24:42,921 WARNING haki_ai.main: OLLAMA_CHECK_CONNECTION_ERROR: attempt=1 err=HTTPConnectionPool(host='localhost', port=11434): Max retries exceeded with url: /api/tags (Caused by NewConnectionError("HTTPConnection(host='localhost', port=11434): Failed to establish a new connection: [WinError 10061] No connection could be made because the target machine actively refused it"))
2026-07-29 10:24:47,997 WARNING haki_ai.main: OLLAMA_CHECK_CONNECTION_ERROR: attempt=2 err=HTTPConnectionPool(host='localhost', port=11434): Max retries exceeded with url: /api/tags (Caused by NewConnectionError("HTTPConnection(host='localhost', port=11434): Failed to establish a new connection: [WinError 10061] No connection could be made because the target machine actively refused it"))
2026-07-29 10:24:52,086 WARNING haki_ai.main: OLLAMA_CHECK_CONNECTION_ERROR: attempt=0 err=HTTPConnectionPool(host='localhost', port=11434): Max retries exceeded with url: /api/tags (Caused by NewConnectionError("HTTPConnection(host='localhost', port=11434): Failed to establish a new connection: [WinError 10061] No connection could be made because the target machine actively refused it"))
2026-07-29 10:24:57,170 WARNING haki_ai.main: OLLAMA_CHECK_CONNECTION_ERROR: attempt=1 err=HTTPConnectionPool(host='localhost', port=11434): Max retries exceeded with url: /api/tags (Caused by NewConnectionError("HTTPConnection(host='localhost', port=11434): Failed to establish a new connection: [WinError 10061] No connection could be made because the target machine actively refused it"))
2026-07-29 10:25:02,238 WARNING haki_ai.main: OLLAMA_CHECK_CONNECTION_ERROR: attempt=2 err=HTTPConnectionPool(host='localhost', port=11434): Max retries exceeded with url: /api/tags (Caused by NewConnectionError("HTTPConnection(host='localhost', port=11434): Failed to establish a new connection: [WinError 10061] No connection could be made because the target machine actively refused it"))
2026-07-29 10:25:07,826 WARNING haki_ai.main: OLLAMA_CHECK_CONNECTION_ERROR: attempt=0 err=HTTPConnectionPool(host='localhost', port=11434): Max retries exceeded with url: /api/tags (Caused by NewConnectionError("HTTPConnection(host='localhost', port=11434): Failed to establish a new connection: [WinError 10061] No connection could be made because the target machine actively refused it"))
2026-07-29 10:25:12,870 WARNING haki_ai.main: OLLAMA_CHECK_CONNECTION_ERROR: attempt=1 err=HTTPConnectionPool(host='localhost', port=11434): Max retries exceeded with url: /api/tags (Caused by NewConnectionError("HTTPConnection(host='localhost', port=11434): Failed to establish a new connection: [WinError 10061] No connection could be made because the target machine actively refused it"))
2026-07-29 10:25:20,411 WARNING haki_ai.main: OLLAMA_CHECK_CONNECTION_ERROR: attempt=2 err=HTTPConnectionPool(host='localhost', port=11434): Max retries exceeded with url: /api/tags (Caused by NewConnectionError("HTTPConnection(host='localhost', port=11434): Failed to establish a new connection: [WinError 10061] No connection could be made because the target machine actively refused it"))
2026-07-29 10:25:24,486 WARNING haki_ai.main: OLLAMA_CHECK_CONNECTION_ERROR: attempt=0 err=HTTPConnectionPool(host='localhost', port=11434): Max retries exceeded with url: /api/tags (Caused by NewConnectionError("HTTPConnection(host='localhost', port=11434): Failed to establish a new connection: [WinError 10061] No connection could be made because the target machine actively refused it"))
2026-07-29 10:25:29,559 WARNING haki_ai.main: OLLAMA_CHECK_CONNECTION_ERROR: attempt=1 err=HTTPConnectionPool(host='localhost', port=11434): Max retries exceeded with url: /api/tags (Caused by NewConnectionError("HTTPConnection(host='localhost', port=11434): Failed to establish a new connection: [WinError 10061] No connection could be made because the target machine actively refused it"))
2026-07-29 10:25:34,660 WARNING haki_ai.main: OLLAMA_CHECK_CONNECTION_ERROR: attempt=2 err=HTTPConnectionPool(host='localhost', port=11434): Max retries exceeded with url: /api/tags (Caused by NewConnectionError("HTTPConnection(host='localhost', port=11434): Failed to establish a new connection: [WinError 10061] No connection could be made because the target machine actively refused it"))
2026-07-29 10:25:53,156 WARNING haki_ai.main: OLLAMA_CHECK_CONNECTION_ERROR: attempt=0 err=HTTPConnectionPool(host='localhost', port=11434): Max retries exceeded with url: /api/tags (Caused by NewConnectionError("HTTPConnection(host='localhost', port=11434): Failed to establish a new connection: [WinError 10061] No connection could be made because the target machine actively refused it"))
2026-07-29 10:25:58,231 WARNING haki_ai.main: OLLAMA_CHECK_CONNECTION_ERROR: attempt=1 err=HTTPConnectionPool(host='localhost', port=11434): Max retries exceeded with url: /api/tags (Caused by NewConnectionError("HTTPConnection(host='localhost', port=11434): Failed to establish a new connection: [WinError 10061] No connection could be made because the target machine actively refused it"))
2026-07-29 10:26:03,303 WARNING haki_ai.main: OLLAMA_CHECK_CONNECTION_ERROR: attempt=2 err=HTTPConnectionPool(host='localhost', port=11434): Max retries exceeded with url: /api/tags (Caused by NewConnectionError("HTTPConnection(host='localhost', port=11434): Failed to establish a new connection: [WinError 10061] No connection could be made because the target machine actively refused it"))
2026-07-29 10:26:07,368 WARNING haki_ai.main: OLLAMA_CHECK_CONNECTION_ERROR: attempt=0 err=HTTPConnectionPool(host='localhost', port=11434): Max retries exceeded with url: /api/tags (Caused by NewConnectionError("HTTPConnection(host='localhost', port=11434): Failed to establish a new connection: [WinError 10061] No connection could be made because the target machine actively refused it"))
2026-07-29 10:26:12,458 WARNING haki_ai.main: OLLAMA_CHECK_CONNECTION_ERROR: attempt=1 err=HTTPConnectionPool(host='localhost', port=11434): Max retries exceeded with url: /api/tags (Caused by NewConnectionError("HTTPConnection(host='localhost', port=11434): Failed to establish a new connection: [WinError 10061] No connection could be made because the target machine actively refused it"))
2026-07-29 10:26:17,543 WARNING haki_ai.main: OLLAMA_CHECK_CONNECTION_ERROR: attempt=2 err=HTTPConnectionPool(host='localhost', port=11434): Max retries exceeded with url: /api/tags (Caused by NewConnectionError("HTTPConnection(host='localhost', port=11434): Failed to establish a new connection: [WinError 10061] No connection could be made because the target machine actively refused it"))
2026-07-29 10:26:40,502 WARNING haki_ai.main: OLLAMA_CHECK_CONNECTION_ERROR: attempt=0 err=HTTPConnectionPool(host='localhost', port=11434): Max retries exceeded with url: /api/tags (Caused by NewConnectionError("HTTPConnection(host='localhost', port=11434): Failed to establish a new connection: [WinError 10061] No connection could be made because the target machine actively refused it"))
2026-07-29 10:26:45,586 WARNING haki_ai.main: OLLAMA_CHECK_CONNECTION_ERROR: attempt=1 err=HTTPConnectionPool(host='localhost', port=11434): Max retries exceeded with url: /api/tags (Caused by NewConnectionError("HTTPConnection(host='localhost', port=11434): Failed to establish a new connection: [WinError 10061] No connection could be made because the target machine actively refused it"))
2026-07-29 10:26:50,657 WARNING haki_ai.main: OLLAMA_CHECK_CONNECTION_ERROR: attempt=2 err=HTTPConnectionPool(host='localhost', port=11434): Max retries exceeded with url: /api/tags (Caused by NewConnectionError("HTTPConnection(host='localhost', port=11434): Failed to establish a new connection: [WinError 10061] No connection could be made because the target machine actively refused it"))
2026-07-29 10:26:54,703 WARNING haki_ai.main: OLLAMA_CHECK_CONNECTION_ERROR: attempt=0 err=HTTPConnectionPool(host='localhost', port=11434): Max retries exceeded with url: /api/tags (Caused by NewConnectionError("HTTPConnection(host='localhost', port=11434): Failed to establish a new connection: [WinError 10061] No connection could be made because the target machine actively refused it"))
2026-07-29 10:26:59,795 WARNING haki_ai.main: OLLAMA_CHECK_CONNECTION_ERROR: attempt=1 err=HTTPConnectionPool(host='localhost', port=11434): Max retries exceeded with url: /api/tags (Caused by NewConnectionError("HTTPConnection(host='localhost', port=11434): Failed to establish a new connection: [WinError 10061] No connection could be made because the target machine actively refused it"))
2026-07-29 10:27:04,874 WARNING haki_ai.main: OLLAMA_CHECK_CONNECTION_ERROR: attempt=2 err=HTTPConnectionPool(host='localhost', port=11434): Max retries exceeded with url: /api/tags (Caused by NewConnectionError("HTTPConnection(host='localhost', port=11434): Failed to establish a new connection: [WinError 10061] No connection could be made because the target machine actively refused it"))
2026-07-29 10:27:23,152 WARNING haki_ai.main: OLLAMA_CHECK_CONNECTION_ERROR: attempt=0 err=HTTPConnectionPool(host='localhost', port=11434): Max retries exceeded with url: /api/tags (Caused by NewConnectionError("HTTPConnection(host='localhost', port=11434): Failed to establish a new connection: [WinError 10061] No connection could be made because the target machine actively refused it"))
2026-07-29 10:27:28,226 WARNING haki_ai.main: OLLAMA_CHECK_CONNECTION_ERROR: attempt=1 err=HTTPConnectionPool(host='localhost', port=11434): Max retries exceeded with url: /api/tags (Caused by NewConnectionError("HTTPConnection(host='localhost', port=11434): Failed to establish a new connection: [WinError 10061] No connection could be made because the target machine actively refused it"))
2026-07-29 10:27:33,315 WARNING haki_ai.main: OLLAMA_CHECK_CONNECTION_ERROR: attempt=2 err=HTTPConnectionPool(host='localhost', port=11434): Max retries exceeded with url: /api/tags (Caused by NewConnectionError("HTTPConnection(host='localhost', port=11434): Failed to establish a new connection: [WinError 10061] No connection could be made because the target machine actively refused it"))
2026-07-29 10:27:37,373 WARNING haki_ai.main: OLLAMA_CHECK_CONNECTION_ERROR: attempt=0 err=HTTPConnectionPool(host='localhost', port=11434): Max retries exceeded with url: /api/tags (Caused by NewConnectionError("HTTPConnection(host='localhost', port=11434): Failed to establish a new connection: [WinError 10061] No connection could be made because the target machine actively refused it"))
2026-07-29 10:27:42,429 WARNING haki_ai.main: OLLAMA_CHECK_CONNECTION_ERROR: attempt=1 err=HTTPConnectionPool(host='localhost', port=11434): Max retries exceeded with url: /api/tags (Caused by NewConnectionError("HTTPConnection(host='localhost', port=11434): Failed to establish a new connection: [WinError 10061] No connection could be made because the target machine actively refused it"))
2026-07-29 10:27:47,515 WARNING haki_ai.main: OLLAMA_CHECK_CONNECTION_ERROR: attempt=2 err=HTTPConnectionPool(host='localhost', port=11434): Max retries exceeded with url: /api/tags (Caused by NewConnectionError("HTTPConnection(host='localhost', port=11434): Failed to establish a new connection: [WinError 10061] No connection could be made because the target machine actively refused it"))
2026-07-29 10:27:52,873 WARNING haki_ai.main: OLLAMA_CHECK_CONNECTION_ERROR: attempt=0 err=HTTPConnectionPool(host='localhost', port=11434): Max retries exceeded with url: /api/tags (Caused by NewConnectionError("HTTPConnection(host='localhost', port=11434): Failed to establish a new connection: [WinError 10061] No connection could be made because the target machine actively refused it"))
2026-07-29 10:27:57,977 WARNING haki_ai.main: OLLAMA_CHECK_CONNECTION_ERROR: attempt=1 err=HTTPConnectionPool(host='localhost', port=11434): Max retries exceeded with url: /api/tags (Caused by NewConnectionError("HTTPConnection(host='localhost', port=11434): Failed to establish a new connection: [WinError 10061] No connection could be made because the target machine actively refused it"))
2026-07-29 10:28:03,085 WARNING haki_ai.main: OLLAMA_CHECK_CONNECTION_ERROR: attempt=2 err=HTTPConnectionPool(host='localhost', port=11434): Max retries exceeded with url: /api/tags (Caused by NewConnectionError("HTTPConnection(host='localhost', port=11434): Failed to establish a new connection: [WinError 10061] No connection could be made because the target machine actively refused it"))
2026-07-29 10:28:07,173 WARNING haki_ai.main: OLLAMA_CHECK_CONNECTION_ERROR: attempt=0 err=HTTPConnectionPool(host='localhost', port=11434): Max retries exceeded with url: /api/tags (Caused by NewConnectionError("HTTPConnection(host='localhost', port=11434): Failed to establish a new connection: [WinError 10061] No connection could be made because the target machine actively refused it"))
2026-07-29 10:28:12,267 WARNING haki_ai.main: OLLAMA_CHECK_CONNECTION_ERROR: attempt=1 err=HTTPConnectionPool(host='localhost', port=11434): Max retries exceeded with url: /api/tags (Caused by NewConnectionError("HTTPConnection(host='localhost', port=11434): Failed to establish a new connection: [WinError 10061] No connection could be made because the target machine actively refused it"))
2026-07-29 10:28:17,362 WARNING haki_ai.main: OLLAMA_CHECK_CONNECTION_ERROR: attempt=2 err=HTTPConnectionPool(host='localhost', port=11434): Max retries exceeded with url: /api/tags (Caused by NewConnectionError("HTTPConnection(host='localhost', port=11434): Failed to establish a new connection: [WinError 10061] No connection could be made because the target machine actively refused it"))
2026-07-29 10:28:22,858 WARNING haki_ai.main: OLLAMA_CHECK_CONNECTION_ERROR: attempt=0 err=HTTPConnectionPool(host='localhost', port=11434): Max retries exceeded with url: /api/tags (Caused by NewConnectionError("HTTPConnection(host='localhost', port=11434): Failed to establish a new connection: [WinError 10061] No connection could be made because the target machine actively refused it"))
2026-07-29 10:28:27,955 WARNING haki_ai.main: OLLAMA_CHECK_CONNECTION_ERROR: attempt=1 err=HTTPConnectionPool(host='localhost', port=11434): Max retries exceeded with url: /api/tags (Caused by NewConnectionError("HTTPConnection(host='localhost', port=11434): Failed to establish a new connection: [WinError 10061] No connection could be made because the target machine actively refused it"))
2026-07-29 10:28:33,037 WARNING haki_ai.main: OLLAMA_CHECK_CONNECTION_ERROR: attempt=2 err=HTTPConnectionPool(host='localhost', port=11434): Max retries exceeded with url: /api/tags (Caused by NewConnectionError("HTTPConnection(host='localhost', port=11434): Failed to establish a new connection: [WinError 10061] No connection could be made because the target machine actively refused it"))
2026-07-29 10:28:37,111 WARNING haki_ai.main: OLLAMA_CHECK_CONNECTION_ERROR: attempt=0 err=HTTPConnectionPool(host='localhost', port=11434): Max retries exceeded with url: /api/tags (Caused by NewConnectionError("HTTPConnection(host='localhost', port=11434): Failed to establish a new connection: [WinError 10061] No connection could be made because the target machine actively refused it"))
2026-07-29 10:28:42,201 WARNING haki_ai.main: OLLAMA_CHECK_CONNECTION_ERROR: attempt=1 err=HTTPConnectionPool(host='localhost', port=11434): Max retries exceeded with url: /api/tags (Caused by NewConnectionError("HTTPConnection(host='localhost', port=11434): Failed to establish a new connection: [WinError 10061] No connection could be made because the target machine actively refused it"))
2026-07-29 10:28:47,296 WARNING haki_ai.main: OLLAMA_CHECK_CONNECTION_ERROR: attempt=2 err=HTTPConnectionPool(host='localhost', port=11434): Max retries exceeded with url: /api/tags (Caused by NewConnectionError("HTTPConnection(host='localhost', port=11434): Failed to establish a new connection: [WinError 10061] No connection could be made because the target machine actively refused it"))
2026-07-29 10:28:52,847 WARNING haki_ai.main: OLLAMA_CHECK_CONNECTION_ERROR: attempt=0 err=HTTPConnectionPool(host='localhost', port=11434): Max retries exceeded with url: /api/tags (Caused by NewConnectionError("HTTPConnection(host='localhost', port=11434): Failed to establish a new connection: [WinError 10061] No connection could be made because the target machine actively refused it"))
2026-07-29 10:28:57,955 WARNING haki_ai.main: OLLAMA_CHECK_CONNECTION_ERROR: attempt=1 err=HTTPConnectionPool(host='localhost', port=11434): Max retries exceeded with url: /api/tags (Caused by NewConnectionError("HTTPConnection(host='localhost', port=11434): Failed to establish a new connection: [WinError 10061] No connection could be made because the target machine actively refused it"))
2026-07-29 10:29:03,049 WARNING haki_ai.main: OLLAMA_CHECK_CONNECTION_ERROR: attempt=2 err=HTTPConnectionPool(host='localhost', port=11434): Max retries exceeded with url: /api/tags (Caused by NewConnectionError("HTTPConnection(host='localhost', port=11434): Failed to establish a new connection: [WinError 10061] No connection could be made because the target machine actively refused it"))
2026-07-29 10:29:07,165 WARNING haki_ai.main: OLLAMA_CHECK_CONNECTION_ERROR: attempt=0 err=HTTPConnectionPool(host='localhost', port=11434): Max retries exceeded with url: /api/tags (Caused by NewConnectionError("HTTPConnection(host='localhost', port=11434): Failed to establish a new connection: [WinError 10061] No connection could be made because the target machine actively refused it"))
2026-07-29 10:29:12,260 WARNING haki_ai.main: OLLAMA_CHECK_CONNECTION_ERROR: attempt=1 err=HTTPConnectionPool(host='localhost', port=11434): Max retries exceeded with url: /api/tags (Caused by NewConnectionError("HTTPConnection(host='localhost', port=11434): Failed to establish a new connection: [WinError 10061] No connection could be made because the target machine actively refused it"))
2026-07-29 10:29:17,349 WARNING haki_ai.main: OLLAMA_CHECK_CONNECTION_ERROR: attempt=2 err=HTTPConnectionPool(host='localhost', port=11434): Max retries exceeded with url: /api/tags (Caused by NewConnectionError("HTTPConnection(host='localhost', port=11434): Failed to establish a new connection: [WinError 10061] No connection could be made because the target machine actively refused it"))
2026-07-29 10:29:22,845 WARNING haki_ai.main: OLLAMA_CHECK_CONNECTION_ERROR: attempt=0 err=HTTPConnectionPool(host='localhost', port=11434): Max retries exceeded with url: /api/tags (Caused by NewConnectionError("HTTPConnection(host='localhost', port=11434): Failed to establish a new connection: [WinError 10061] No connection could be made because the target machine actively refused it"))
2026-07-29 10:29:27,927 WARNING haki_ai.main: OLLAMA_CHECK_CONNECTION_ERROR: attempt=1 err=HTTPConnectionPool(host='localhost', port=11434): Max retries exceeded with url: /api/tags (Caused by NewConnectionError("HTTPConnection(host='localhost', port=11434): Failed to establish a new connection: [WinError 10061] No connection could be made because the target machine actively refused it"))
2026-07-29 10:29:33,025 WARNING haki_ai.main: OLLAMA_CHECK_CONNECTION_ERROR: attempt=2 err=HTTPConnectionPool(host='localhost', port=11434): Max retries exceeded with url: /api/tags (Caused by NewConnectionError("HTTPConnection(host='localhost', port=11434): Failed to establish a new connection: [WinError 10061] No connection could be made because the target machine actively refused it"))
2026-07-29 10:29:37,126 WARNING haki_ai.main: OLLAMA_CHECK_CONNECTION_ERROR: attempt=0 err=HTTPConnectionPool(host='localhost', port=11434): Max retries exceeded with url: /api/tags (Caused by NewConnectionError("HTTPConnection(host='localhost', port=11434): Failed to establish a new connection: [WinError 10061] No connection could be made because the target machine actively refused it"))
2026-07-29 10:29:42,224 WARNING haki_ai.main: OLLAMA_CHECK_CONNECTION_ERROR: attempt=1 err=HTTPConnectionPool(host='localhost', port=11434): Max retries exceeded with url: /api/tags (Caused by NewConnectionError("HTTPConnection(host='localhost', port=11434): Failed to establish a new connection: [WinError 10061] No connection could be made because the target machine actively refused it"))
2026-07-29 10:29:47,318 WARNING haki_ai.main: OLLAMA_CHECK_CONNECTION_ERROR: attempt=2 err=HTTPConnectionPool(host='localhost', port=11434): Max retries exceeded with url: /api/tags (Caused by NewConnectionError("HTTPConnection(host='localhost', port=11434): Failed to establish a new connection: [WinError 10061] No connection could be made because the target machine actively refused it"))
2026-07-29 10:29:52,852 WARNING haki_ai.main: OLLAMA_CHECK_CONNECTION_ERROR: attempt=0 err=HTTPConnectionPool(host='localhost', port=11434): Max retries exceeded with url: /api/tags (Caused by NewConnectionError("HTTPConnection(host='localhost', port=11434): Failed to establish a new connection: [WinError 10061] No connection could be made because the target machine actively refused it"))
2026-07-29 10:29:57,943 WARNING haki_ai.main: OLLAMA_CHECK_CONNECTION_ERROR: attempt=1 err=HTTPConnectionPool(host='localhost', port=11434): Max retries exceeded with url: /api/tags (Caused by NewConnectionError("HTTPConnection(host='localhost', port=11434): Failed to establish a new connection: [WinError 10061] No connection could be made because the target machine actively refused it"))
2026-07-29 10:30:03,042 WARNING haki_ai.main: OLLAMA_CHECK_CONNECTION_ERROR: attempt=2 err=HTTPConnectionPool(host='localhost', port=11434): Max retries exceeded with url: /api/tags (Caused by NewConnectionError("HTTPConnection(host='localhost', port=11434): Failed to establish a new connection: [WinError 10061] No connection could be made because the target machine actively refused it"))
2026-07-29 10:30:07,133 WARNING haki_ai.main: OLLAMA_CHECK_CONNECTION_ERROR: attempt=0 err=HTTPConnectionPool(host='localhost', port=11434): Max retries exceeded with url: /api/tags (Caused by NewConnectionError("HTTPConnection(host='localhost', port=11434): Failed to establish a new connection: [WinError 10061] No connection could be made because the target machine actively refused it"))
2026-07-29 10:30:12,230 WARNING haki_ai.main: OLLAMA_CHECK_CONNECTION_ERROR: attempt=1 err=HTTPConnectionPool(host='localhost', port=11434): Max retries exceeded with url: /api/tags (Caused by NewConnectionError("HTTPConnection(host='localhost', port=11434): Failed to establish a new connection: [WinError 10061] No connection could be made because the target machine actively refused it"))
2026-07-29 10:30:17,317 WARNING haki_ai.main: OLLAMA_CHECK_CONNECTION_ERROR: attempt=2 err=HTTPConnectionPool(host='localhost', port=11434): Max retries exceeded with url: /api/tags (Caused by NewConnectionError("HTTPConnection(host='localhost', port=11434): Failed to establish a new connection: [WinError 10061] No connection could be made because the target machine actively refused it"))
2026-07-29 10:30:22,849 WARNING haki_ai.main: OLLAMA_CHECK_CONNECTION_ERROR: attempt=0 err=HTTPConnectionPool(host='localhost', port=11434): Max retries exceeded with url: /api/tags (Caused by NewConnectionError("HTTPConnection(host='localhost', port=11434): Failed to establish a new connection: [WinError 10061] No connection could be made because the target machine actively refused it"))
2026-07-29 10:30:27,950 WARNING haki_ai.main: OLLAMA_CHECK_CONNECTION_ERROR: attempt=1 err=HTTPConnectionPool(host='localhost', port=11434): Max retries exceeded with url: /api/tags (Caused by NewConnectionError("HTTPConnection(host='localhost', port=11434): Failed to establish a new connection: [WinError 10061] No connection could be made because the target machine actively refused it"))
2026-07-29 10:30:33,049 WARNING haki_ai.main: OLLAMA_CHECK_CONNECTION_ERROR: attempt=2 err=HTTPConnectionPool(host='localhost', port=11434): Max retries exceeded with url: /api/tags (Caused by NewConnectionError("HTTPConnection(host='localhost', port=11434): Failed to establish a new connection: [WinError 10061] No connection could be made because the target machine actively refused it"))
2026-07-29 10:30:37,138 WARNING haki_ai.main: OLLAMA_CHECK_CONNECTION_ERROR: attempt=0 err=HTTPConnectionPool(host='localhost', port=11434): Max retries exceeded with url: /api/tags (Caused by NewConnectionError("HTTPConnection(host='localhost', port=11434): Failed to establish a new connection: [WinError 10061] No connection could be made because the target machine actively refused it"))
2026-07-29 10:30:42,239 WARNING haki_ai.main: OLLAMA_CHECK_CONNECTION_ERROR: attempt=1 err=HTTPConnectionPool(host='localhost', port=11434): Max retries exceeded with url: /api/tags (Caused by NewConnectionError("HTTPConnection(host='localhost', port=11434): Failed to establish a new connection: [WinError 10061] No connection could be made because the target machine actively refused it"))
2026-07-29 10:30:47,332 WARNING haki_ai.main: OLLAMA_CHECK_CONNECTION_ERROR: attempt=2 err=HTTPConnectionPool(host='localhost', port=11434): Max retries exceeded with url: /api/tags (Caused by NewConnectionError("HTTPConnection(host='localhost', port=11434): Failed to establish a new connection: [WinError 10061] No connection could be made because the target machine actively refused it"))
2026-07-29 10:30:52,839 WARNING haki_ai.main: OLLAMA_CHECK_CONNECTION_ERROR: attempt=0 err=HTTPConnectionPool(host='localhost', port=11434): Max retries exceeded with url: /api/tags (Caused by NewConnectionError("HTTPConnection(host='localhost', port=11434): Failed to establish a new connection: [WinError 10061] No connection could be made because the target machine actively refused it"))
2026-07-29 10:30:57,916 WARNING haki_ai.main: OLLAMA_CHECK_CONNECTION_ERROR: attempt=1 err=HTTPConnectionPool(host='localhost', port=11434): Max retries exceeded with url: /api/tags (Caused by NewConnectionError("HTTPConnection(host='localhost', port=11434): Failed to establish a new connection: [WinError 10061] No connection could be made because the target machine actively refused it"))
2026-07-29 10:31:02,981 WARNING haki_ai.main: OLLAMA_CHECK_CONNECTION_ERROR: attempt=2 err=HTTPConnectionPool(host='localhost', port=11434): Max retries exceeded with url: /api/tags (Caused by NewConnectionError("HTTPConnection(host='localhost', port=11434): Failed to establish a new connection: [WinError 10061] No connection could be made because the target machine actively refused it"))
2026-07-29 10:31:07,069 WARNING haki_ai.main: OLLAMA_CHECK_CONNECTION_ERROR: attempt=0 err=HTTPConnectionPool(host='localhost', port=11434): Max retries exceeded with url: /api/tags (Caused by NewConnectionError("HTTPConnection(host='localhost', port=11434): Failed to establish a new connection: [WinError 10061] No connection could be made because the target machine actively refused it"))
2026-07-29 10:31:12,163 WARNING haki_ai.main: OLLAMA_CHECK_CONNECTION_ERROR: attempt=1 err=HTTPConnectionPool(host='localhost', port=11434): Max retries exceeded with url: /api/tags (Caused by NewConnectionError("HTTPConnection(host='localhost', port=11434): Failed to establish a new connection: [WinError 10061] No connection could be made because the target machine actively refused it"))
2026-07-29 10:31:17,249 WARNING haki_ai.main: OLLAMA_CHECK_CONNECTION_ERROR: attempt=2 err=HTTPConnectionPool(host='localhost', port=11434): Max retries exceeded with url: /api/tags (Caused by NewConnectionError("HTTPConnection(host='localhost', port=11434): Failed to establish a new connection: [WinError 10061] No connection could be made because the target machine actively refused it"))
2026-07-29 10:31:22,836 WARNING haki_ai.main: OLLAMA_CHECK_CONNECTION_ERROR: attempt=0 err=HTTPConnectionPool(host='localhost', port=11434): Max retries exceeded with url: /api/tags (Caused by NewConnectionError("HTTPConnection(host='localhost', port=11434): Failed to establish a new connection: [WinError 10061] No connection could be made because the target machine actively refused it"))
2026-07-29 10:31:27,919 WARNING haki_ai.main: OLLAMA_CHECK_CONNECTION_ERROR: attempt=1 err=HTTPConnectionPool(host='localhost', port=11434): Max retries exceeded with url: /api/tags (Caused by NewConnectionError("HTTPConnection(host='localhost', port=11434): Failed to establish a new connection: [WinError 10061] No connection could be made because the target machine actively refused it"))
2026-07-29 10:32:04,479 INFO logic.embeddings: EmbeddingsService initialized
2026-07-29 10:32:05,071 INFO haki_ai.main: STARTUP: Kenyan Legal Assistant API starting
2026-07-29 10:32:38,319 INFO logic.embeddings: Loading model from: D:\projects\kenyan-legal-bot\backend\data\models\all-MiniLM-L6-v2
2026-07-29 10:32:38,325 INFO sentence_transformers.base.model: Loading SentenceTransformer model from D:\projects\kenyan-legal-bot\backend\data\models\all-MiniLM-L6-v2.
2026-07-29 10:32:38,940 INFO logic.embeddings: ✓ Model loaded successfully in 0.5s
  Path: D:\projects\kenyan-legal-bot\backend\data\models\all-MiniLM-L6-v2
  Dimension: 384
  Cache: 4.25152587890625MB
2026-07-29 10:32:38,940 INFO haki_ai.main: EMBEDDINGS_LOADED
2026-07-29 10:32:38,944 INFO logic.search_tool: Search tool ready. Topics: 9. Gemini: Configured
2026-07-29 10:32:38,945 INFO haki_ai.main: SEARCH_TOOL_READY: known_topics=9
2026-07-29 10:32:38,951 INFO haki_ai.main: STARTUP_COMPLETE
2026-07-29 10:32:44,735 INFO haki_ai.rag_engine: RAG_DB_LOADED: count=3807
2026-07-29 10:32:44,738 INFO haki_ai.main: RAG_ENGINE_READY: waited=3.0s doc_count=3807
2026-07-29 10:32:48,836 WARNING haki_ai.main: OLLAMA_CHECK_CONNECTION_ERROR: attempt=0 err=HTTPConnectionPool(host='localhost', port=11434): Max retries exceeded with url: /api/tags (Caused by NewConnectionError("HTTPConnection(host='localhost', port=11434): Failed to establish a new connection: [WinError 10061] No connection could be made because the target machine actively refused it"))
2026-07-29 10:32:53,155 WARNING haki_ai.main: OLLAMA_CHECK_CONNECTION_ERROR: attempt=0 err=HTTPConnectionPool(host='localhost', port=11434): Max retries exceeded with url: /api/tags (Caused by NewConnectionError("HTTPConnection(host='localhost', port=11434): Failed to establish a new connection: [WinError 10061] No connection could be made because the target machine actively refused it"))
2026-07-29 10:32:53,923 WARNING haki_ai.main: OLLAMA_CHECK_CONNECTION_ERROR: attempt=1 err=HTTPConnectionPool(host='localhost', port=11434): Max retries exceeded with url: /api/tags (Caused by NewConnectionError("HTTPConnection(host='localhost', port=11434): Failed to establish a new connection: [WinError 10061] No connection could be made because the target machine actively refused it"))
2026-07-29 10:32:58,243 WARNING haki_ai.main: OLLAMA_CHECK_CONNECTION_ERROR: attempt=1 err=HTTPConnectionPool(host='localhost', port=11434): Max retries exceeded with url: /api/tags (Caused by NewConnectionError("HTTPConnection(host='localhost', port=11434): Failed to establish a new connection: [WinError 10061] No connection could be made because the target machine actively refused it"))
2026-07-29 10:32:59,028 WARNING haki_ai.main: OLLAMA_CHECK_CONNECTION_ERROR: attempt=2 err=HTTPConnectionPool(host='localhost', port=11434): Max retries exceeded with url: /api/tags (Caused by NewConnectionError("HTTPConnection(host='localhost', port=11434): Failed to establish a new connection: [WinError 10061] No connection could be made because the target machine actively refused it"))
2026-07-29 10:32:59,030 ERROR haki_ai.main: OLLAMA_NOT_RUNNING: startup check failed after retries
2026-07-29 10:32:59,032 INFO haki_ai.main: BACKGROUND_READINESS_CHECKS_COMPLETE
2026-07-29 10:33:03,347 WARNING haki_ai.main: OLLAMA_CHECK_CONNECTION_ERROR: attempt=2 err=HTTPConnectionPool(host='localhost', port=11434): Max retries exceeded with url: /api/tags (Caused by NewConnectionError("HTTPConnection(host='localhost', port=11434): Failed to establish a new connection: [WinError 10061] No connection could be made because the target machine actively refused it"))
2026-07-29 10:33:07,471 WARNING haki_ai.main: OLLAMA_CHECK_CONNECTION_ERROR: attempt=0 err=HTTPConnectionPool(host='localhost', port=11434): Max retries exceeded with url: /api/tags (Caused by NewConnectionError("HTTPConnection(host='localhost', port=11434): Failed to establish a new connection: [WinError 10061] No connection could be made because the target machine actively refused it"))
2026-07-29 10:33:12,567 WARNING haki_ai.main: OLLAMA_CHECK_CONNECTION_ERROR: attempt=1 err=HTTPConnectionPool(host='localhost', port=11434): Max retries exceeded with url: /api/tags (Caused by NewConnectionError("HTTPConnection(host='localhost', port=11434): Failed to establish a new connection: [WinError 10061] No connection could be made because the target machine actively refused it"))
2026-07-29 10:33:17,655 WARNING haki_ai.main: OLLAMA_CHECK_CONNECTION_ERROR: attempt=2 err=HTTPConnectionPool(host='localhost', port=11434): Max retries exceeded with url: /api/tags (Caused by NewConnectionError("HTTPConnection(host='localhost', port=11434): Failed to establish a new connection: [WinError 10061] No connection could be made because the target machine actively refused it"))
2026-07-29 10:33:22,855 WARNING haki_ai.main: OLLAMA_CHECK_CONNECTION_ERROR: attempt=0 err=HTTPConnectionPool(host='localhost', port=11434): Max retries exceeded with url: /api/tags (Caused by NewConnectionError("HTTPConnection(host='localhost', port=11434): Failed to establish a new connection: [WinError 10061] No connection could be made because the target machine actively refused it"))
2026-07-29 10:33:27,937 WARNING haki_ai.main: OLLAMA_CHECK_CONNECTION_ERROR: attempt=1 err=HTTPConnectionPool(host='localhost', port=11434): Max retries exceeded with url: /api/tags (Caused by NewConnectionError("HTTPConnection(host='localhost', port=11434): Failed to establish a new connection: [WinError 10061] No connection could be made because the target machine actively refused it"))
2026-07-29 10:33:33,035 WARNING haki_ai.main: OLLAMA_CHECK_CONNECTION_ERROR: attempt=2 err=HTTPConnectionPool(host='localhost', port=11434): Max retries exceeded with url: /api/tags (Caused by NewConnectionError("HTTPConnection(host='localhost', port=11434): Failed to establish a new connection: [WinError 10061] No connection could be made because the target machine actively refused it"))
2026-07-29 10:33:37,123 WARNING haki_ai.main: OLLAMA_CHECK_CONNECTION_ERROR: attempt=0 err=HTTPConnectionPool(host='localhost', port=11434): Max retries exceeded with url: /api/tags (Caused by NewConnectionError("HTTPConnection(host='localhost', port=11434): Failed to establish a new connection: [WinError 10061] No connection could be made because the target machine actively refused it"))
2026-07-29 10:33:42,222 WARNING haki_ai.main: OLLAMA_CHECK_CONNECTION_ERROR: attempt=1 err=HTTPConnectionPool(host='localhost', port=11434): Max retries exceeded with url: /api/tags (Caused by NewConnectionError("HTTPConnection(host='localhost', port=11434): Failed to establish a new connection: [WinError 10061] No connection could be made because the target machine actively refused it"))
2026-07-29 10:33:47,309 WARNING haki_ai.main: OLLAMA_CHECK_CONNECTION_ERROR: attempt=2 err=HTTPConnectionPool(host='localhost', port=11434): Max retries exceeded with url: /api/tags (Caused by NewConnectionError("HTTPConnection(host='localhost', port=11434): Failed to establish a new connection: [WinError 10061] No connection could be made because the target machine actively refused it"))
2026-07-29 10:33:52,851 WARNING haki_ai.main: OLLAMA_CHECK_CONNECTION_ERROR: attempt=0 err=HTTPConnectionPool(host='localhost', port=11434): Max retries exceeded with url: /api/tags (Caused by NewConnectionError("HTTPConnection(host='localhost', port=11434): Failed to establish a new connection: [WinError 10061] No connection could be made because the target machine actively refused it"))
2026-07-29 10:33:57,945 WARNING haki_ai.main: OLLAMA_CHECK_CONNECTION_ERROR: attempt=1 err=HTTPConnectionPool(host='localhost', port=11434): Max retries exceeded with url: /api/tags (Caused by NewConnectionError("HTTPConnection(host='localhost', port=11434): Failed to establish a new connection: [WinError 10061] No connection could be made because the target machine actively refused it"))
2026-07-29 10:34:03,044 WARNING haki_ai.main: OLLAMA_CHECK_CONNECTION_ERROR: attempt=2 err=HTTPConnectionPool(host='localhost', port=11434): Max retries exceeded with url: /api/tags (Caused by NewConnectionError("HTTPConnection(host='localhost', port=11434): Failed to establish a new connection: [WinError 10061] No connection could be made because the target machine actively refused it"))
2026-07-29 10:34:07,139 WARNING haki_ai.main: OLLAMA_CHECK_CONNECTION_ERROR: attempt=0 err=HTTPConnectionPool(host='localhost', port=11434): Max retries exceeded with url: /api/tags (Caused by NewConnectionError("HTTPConnection(host='localhost', port=11434): Failed to establish a new connection: [WinError 10061] No connection could be made because the target machine actively refused it"))
2026-07-29 10:34:12,245 WARNING haki_ai.main: OLLAMA_CHECK_CONNECTION_ERROR: attempt=1 err=HTTPConnectionPool(host='localhost', port=11434): Max retries exceeded with url: /api/tags (Caused by NewConnectionError("HTTPConnection(host='localhost', port=11434): Failed to establish a new connection: [WinError 10061] No connection could be made because the target machine actively refused it"))
2026-07-29 10:34:17,318 WARNING haki_ai.main: OLLAMA_CHECK_CONNECTION_ERROR: attempt=2 err=HTTPConnectionPool(host='localhost', port=11434): Max retries exceeded with url: /api/tags (Caused by NewConnectionError("HTTPConnection(host='localhost', port=11434): Failed to establish a new connection: [WinError 10061] No connection could be made because the target machine actively refused it"))
2026-07-29 10:34:22,840 WARNING haki_ai.main: OLLAMA_CHECK_CONNECTION_ERROR: attempt=0 err=HTTPConnectionPool(host='localhost', port=11434): Max retries exceeded with url: /api/tags (Caused by NewConnectionError("HTTPConnection(host='localhost', port=11434): Failed to establish a new connection: [WinError 10061] No connection could be made because the target machine actively refused it"))
2026-07-29 10:34:27,923 WARNING haki_ai.main: OLLAMA_CHECK_CONNECTION_ERROR: attempt=1 err=HTTPConnectionPool(host='localhost', port=11434): Max retries exceeded with url: /api/tags (Caused by NewConnectionError("HTTPConnection(host='localhost', port=11434): Failed to establish a new connection: [WinError 10061] No connection could be made because the target machine actively refused it"))
2026-07-29 10:34:33,042 WARNING haki_ai.main: OLLAMA_CHECK_CONNECTION_ERROR: attempt=2 err=HTTPConnectionPool(host='localhost', port=11434): Max retries exceeded with url: /api/tags (Caused by NewConnectionError("HTTPConnection(host='localhost', port=11434): Failed to establish a new connection: [WinError 10061] No connection could be made because the target machine actively refused it"))
2026-07-29 10:34:37,129 WARNING haki_ai.main: OLLAMA_CHECK_CONNECTION_ERROR: attempt=0 err=HTTPConnectionPool(host='localhost', port=11434): Max retries exceeded with url: /api/tags (Caused by NewConnectionError("HTTPConnection(host='localhost', port=11434): Failed to establish a new connection: [WinError 10061] No connection could be made because the target machine actively refused it"))
2026-07-29 10:34:42,221 WARNING haki_ai.main: OLLAMA_CHECK_CONNECTION_ERROR: attempt=1 err=HTTPConnectionPool(host='localhost', port=11434): Max retries exceeded with url: /api/tags (Caused by NewConnectionError("HTTPConnection(host='localhost', port=11434): Failed to establish a new connection: [WinError 10061] No connection could be made because the target machine actively refused it"))
2026-07-29 10:34:47,317 WARNING haki_ai.main: OLLAMA_CHECK_CONNECTION_ERROR: attempt=2 err=HTTPConnectionPool(host='localhost', port=11434): Max retries exceeded with url: /api/tags (Caused by NewConnectionError("HTTPConnection(host='localhost', port=11434): Failed to establish a new connection: [WinError 10061] No connection could be made because the target machine actively refused it"))
2026-07-29 10:34:52,849 WARNING haki_ai.main: OLLAMA_CHECK_CONNECTION_ERROR: attempt=0 err=HTTPConnectionPool(host='localhost', port=11434): Max retries exceeded with url: /api/tags (Caused by NewConnectionError("HTTPConnection(host='localhost', port=11434): Failed to establish a new connection: [WinError 10061] No connection could be made because the target machine actively refused it"))
2026-07-29 10:34:57,947 WARNING haki_ai.main: OLLAMA_CHECK_CONNECTION_ERROR: attempt=1 err=HTTPConnectionPool(host='localhost', port=11434): Max retries exceeded with url: /api/tags (Caused by NewConnectionError("HTTPConnection(host='localhost', port=11434): Failed to establish a new connection: [WinError 10061] No connection could be made because the target machine actively refused it"))
2026-07-29 10:35:03,041 WARNING haki_ai.main: OLLAMA_CHECK_CONNECTION_ERROR: attempt=2 err=HTTPConnectionPool(host='localhost', port=11434): Max retries exceeded with url: /api/tags (Caused by NewConnectionError("HTTPConnection(host='localhost', port=11434): Failed to establish a new connection: [WinError 10061] No connection could be made because the target machine actively refused it"))
2026-07-29 10:35:07,127 WARNING haki_ai.main: OLLAMA_CHECK_CONNECTION_ERROR: attempt=0 err=HTTPConnectionPool(host='localhost', port=11434): Max retries exceeded with url: /api/tags (Caused by NewConnectionError("HTTPConnection(host='localhost', port=11434): Failed to establish a new connection: [WinError 10061] No connection could be made because the target machine actively refused it"))
2026-07-29 10:35:12,229 WARNING haki_ai.main: OLLAMA_CHECK_CONNECTION_ERROR: attempt=1 err=HTTPConnectionPool(host='localhost', port=11434): Max retries exceeded with url: /api/tags (Caused by NewConnectionError("HTTPConnection(host='localhost', port=11434): Failed to establish a new connection: [WinError 10061] No connection could be made because the target machine actively refused it"))
2026-07-29 10:35:17,319 WARNING haki_ai.main: OLLAMA_CHECK_CONNECTION_ERROR: attempt=2 err=HTTPConnectionPool(host='localhost', port=11434): Max retries exceeded with url: /api/tags (Caused by NewConnectionError("HTTPConnection(host='localhost', port=11434): Failed to establish a new connection: [WinError 10061] No connection could be made because the target machine actively refused it"))
2026-07-29 10:35:22,848 WARNING haki_ai.main: OLLAMA_CHECK_CONNECTION_ERROR: attempt=0 err=HTTPConnectionPool(host='localhost', port=11434): Max retries exceeded with url: /api/tags (Caused by NewConnectionError("HTTPConnection(host='localhost', port=11434): Failed to establish a new connection: [WinError 10061] No connection could be made because the target machine actively refused it"))
2026-07-29 10:35:27,937 WARNING haki_ai.main: OLLAMA_CHECK_CONNECTION_ERROR: attempt=1 err=HTTPConnectionPool(host='localhost', port=11434): Max retries exceeded with url: /api/tags (Caused by NewConnectionError("HTTPConnection(host='localhost', port=11434): Failed to establish a new connection: [WinError 10061] No connection could be made because the target machine actively refused it"))
2026-07-29 10:35:33,053 WARNING haki_ai.main: OLLAMA_CHECK_CONNECTION_ERROR: attempt=2 err=HTTPConnectionPool(host='localhost', port=11434): Max retries exceeded with url: /api/tags (Caused by NewConnectionError("HTTPConnection(host='localhost', port=11434): Failed to establish a new connection: [WinError 10061] No connection could be made because the target machine actively refused it"))
2026-07-29 10:35:37,159 WARNING haki_ai.main: OLLAMA_CHECK_CONNECTION_ERROR: attempt=0 err=HTTPConnectionPool(host='localhost', port=11434): Max retries exceeded with url: /api/tags (Caused by NewConnectionError("HTTPConnection(host='localhost', port=11434): Failed to establish a new connection: [WinError 10061] No connection could be made because the target machine actively refused it"))
2026-07-29 10:35:42,255 WARNING haki_ai.main: OLLAMA_CHECK_CONNECTION_ERROR: attempt=1 err=HTTPConnectionPool(host='localhost', port=11434): Max retries exceeded with url: /api/tags (Caused by NewConnectionError("HTTPConnection(host='localhost', port=11434): Failed to establish a new connection: [WinError 10061] No connection could be made because the target machine actively refused it"))
2026-07-29 10:35:47,352 WARNING haki_ai.main: OLLAMA_CHECK_CONNECTION_ERROR: attempt=2 err=HTTPConnectionPool(host='localhost', port=11434): Max retries exceeded with url: /api/tags (Caused by NewConnectionError("HTTPConnection(host='localhost', port=11434): Failed to establish a new connection: [WinError 10061] No connection could be made because the target machine actively refused it"))
2026-07-29 10:35:52,865 WARNING haki_ai.main: OLLAMA_CHECK_CONNECTION_ERROR: attempt=0 err=HTTPConnectionPool(host='localhost', port=11434): Max retries exceeded with url: /api/tags (Caused by NewConnectionError("HTTPConnection(host='localhost', port=11434): Failed to establish a new connection: [WinError 10061] No connection could be made because the target machine actively refused it"))
2026-07-29 10:35:57,957 WARNING haki_ai.main: OLLAMA_CHECK_CONNECTION_ERROR: attempt=1 err=HTTPConnectionPool(host='localhost', port=11434): Max retries exceeded with url: /api/tags (Caused by NewConnectionError("HTTPConnection(host='localhost', port=11434): Failed to establish a new connection: [WinError 10061] No connection could be made because the target machine actively refused it"))
2026-07-29 10:36:03,054 WARNING haki_ai.main: OLLAMA_CHECK_CONNECTION_ERROR: attempt=2 err=HTTPConnectionPool(host='localhost', port=11434): Max retries exceeded with url: /api/tags (Caused by NewConnectionError("HTTPConnection(host='localhost', port=11434): Failed to establish a new connection: [WinError 10061] No connection could be made because the target machine actively refused it"))
2026-07-29 10:36:07,141 WARNING haki_ai.main: OLLAMA_CHECK_CONNECTION_ERROR: attempt=0 err=HTTPConnectionPool(host='localhost', port=11434): Max retries exceeded with url: /api/tags (Caused by NewConnectionError("HTTPConnection(host='localhost', port=11434): Failed to establish a new connection: [WinError 10061] No connection could be made because the target machine actively refused it"))
2026-07-29 10:36:12,225 WARNING haki_ai.main: OLLAMA_CHECK_CONNECTION_ERROR: attempt=1 err=HTTPConnectionPool(host='localhost', port=11434): Max retries exceeded with url: /api/tags (Caused by NewConnectionError("HTTPConnection(host='localhost', port=11434): Failed to establish a new connection: [WinError 10061] No connection could be made because the target machine actively refused it"))
2026-07-29 10:36:17,321 WARNING haki_ai.main: OLLAMA_CHECK_CONNECTION_ERROR: attempt=2 err=HTTPConnectionPool(host='localhost', port=11434): Max retries exceeded with url: /api/tags (Caused by NewConnectionError("HTTPConnection(host='localhost', port=11434): Failed to establish a new connection: [WinError 10061] No connection could be made because the target machine actively refused it"))
2026-07-29 10:36:22,851 WARNING haki_ai.main: OLLAMA_CHECK_CONNECTION_ERROR: attempt=0 err=HTTPConnectionPool(host='localhost', port=11434): Max retries exceeded with url: /api/tags (Caused by NewConnectionError("HTTPConnection(host='localhost', port=11434): Failed to establish a new connection: [WinError 10061] No connection could be made because the target machine actively refused it"))
2026-07-29 10:36:27,954 WARNING haki_ai.main: OLLAMA_CHECK_CONNECTION_ERROR: attempt=1 err=HTTPConnectionPool(host='localhost', port=11434): Max retries exceeded with url: /api/tags (Caused by NewConnectionError("HTTPConnection(host='localhost', port=11434): Failed to establish a new connection: [WinError 10061] No connection could be made because the target machine actively refused it"))
2026-07-29 10:36:33,049 WARNING haki_ai.main: OLLAMA_CHECK_CONNECTION_ERROR: attempt=2 err=HTTPConnectionPool(host='localhost', port=11434): Max retries exceeded with url: /api/tags (Caused by NewConnectionError("HTTPConnection(host='localhost', port=11434): Failed to establish a new connection: [WinError 10061] No connection could be made because the target machine actively refused it"))
2026-07-29 10:36:37,137 WARNING haki_ai.main: OLLAMA_CHECK_CONNECTION_ERROR: attempt=0 err=HTTPConnectionPool(host='localhost', port=11434): Max retries exceeded with url: /api/tags (Caused by NewConnectionError("HTTPConnection(host='localhost', port=11434): Failed to establish a new connection: [WinError 10061] No connection could be made because the target machine actively refused it"))
2026-07-29 10:36:42,223 WARNING haki_ai.main: OLLAMA_CHECK_CONNECTION_ERROR: attempt=1 err=HTTPConnectionPool(host='localhost', port=11434): Max retries exceeded with url: /api/tags (Caused by NewConnectionError("HTTPConnection(host='localhost', port=11434): Failed to establish a new connection: [WinError 10061] No connection could be made because the target machine actively refused it"))
2026-07-29 10:36:47,321 WARNING haki_ai.main: OLLAMA_CHECK_CONNECTION_ERROR: attempt=2 err=HTTPConnectionPool(host='localhost', port=11434): Max retries exceeded with url: /api/tags (Caused by NewConnectionError("HTTPConnection(host='localhost', port=11434): Failed to establish a new connection: [WinError 10061] No connection could be made because the target machine actively refused it"))
2026-07-29 10:36:52,849 WARNING haki_ai.main: OLLAMA_CHECK_CONNECTION_ERROR: attempt=0 err=HTTPConnectionPool(host='localhost', port=11434): Max retries exceeded with url: /api/tags (Caused by NewConnectionError("HTTPConnection(host='localhost', port=11434): Failed to establish a new connection: [WinError 10061] No connection could be made because the target machine actively refused it"))
2026-07-29 10:36:57,945 WARNING haki_ai.main: OLLAMA_CHECK_CONNECTION_ERROR: attempt=1 err=HTTPConnectionPool(host='localhost', port=11434): Max retries exceeded with url: /api/tags (Caused by NewConnectionError("HTTPConnection(host='localhost', port=11434): Failed to establish a new connection: [WinError 10061] No connection could be made because the target machine actively refused it"))
2026-07-29 10:37:03,008 WARNING haki_ai.main: OLLAMA_CHECK_CONNECTION_ERROR: attempt=2 err=HTTPConnectionPool(host='localhost', port=11434): Max retries exceeded with url: /api/tags (Caused by NewConnectionError("HTTPConnection(host='localhost', port=11434): Failed to establish a new connection: [WinError 10061] No connection could be made because the target machine actively refused it"))
2026-07-29 10:37:07,095 WARNING haki_ai.main: OLLAMA_CHECK_CONNECTION_ERROR: attempt=0 err=HTTPConnectionPool(host='localhost', port=11434): Max retries exceeded with url: /api/tags (Caused by NewConnectionError("HTTPConnection(host='localhost', port=11434): Failed to establish a new connection: [WinError 10061] No connection could be made because the target machine actively refused it"))
2026-07-29 10:37:12,181 WARNING haki_ai.main: OLLAMA_CHECK_CONNECTION_ERROR: attempt=1 err=HTTPConnectionPool(host='localhost', port=11434): Max retries exceeded with url: /api/tags (Caused by NewConnectionError("HTTPConnection(host='localhost', port=11434): Failed to establish a new connection: [WinError 10061] No connection could be made because the target machine actively refused it"))
2026-07-29 10:37:17,258 WARNING haki_ai.main: OLLAMA_CHECK_CONNECTION_ERROR: attempt=2 err=HTTPConnectionPool(host='localhost', port=11434): Max retries exceeded with url: /api/tags (Caused by NewConnectionError("HTTPConnection(host='localhost', port=11434): Failed to establish a new connection: [WinError 10061] No connection could be made because the target machine actively refused it"))
2026-07-29 10:37:47,003 WARNING haki_ai.main: OLLAMA_CHECK_CONNECTION_ERROR: attempt=0 err=HTTPConnectionPool(host='localhost', port=11434): Max retries exceeded with url: /api/tags (Caused by NewConnectionError("HTTPConnection(host='localhost', port=11434): Failed to establish a new connection: [WinError 10061] No connection could be made because the target machine actively refused it"))
2026-07-29 10:37:52,083 WARNING haki_ai.main: OLLAMA_CHECK_CONNECTION_ERROR: attempt=1 err=HTTPConnectionPool(host='localhost', port=11434): Max retries exceeded with url: /api/tags (Caused by NewConnectionError("HTTPConnection(host='localhost', port=11434): Failed to establish a new connection: [WinError 10061] No connection could be made because the target machine actively refused it"))
2026-07-29 10:37:57,181 WARNING haki_ai.main: OLLAMA_CHECK_CONNECTION_ERROR: attempt=2 err=HTTPConnectionPool(host='localhost', port=11434): Max retries exceeded with url: /api/tags (Caused by NewConnectionError("HTTPConnection(host='localhost', port=11434): Failed to establish a new connection: [WinError 10061] No connection could be made because the target machine actively refused it"))
2026-07-29 10:38:01,267 WARNING haki_ai.main: OLLAMA_CHECK_CONNECTION_ERROR: attempt=0 err=HTTPConnectionPool(host='localhost', port=11434): Max retries exceeded with url: /api/tags (Caused by NewConnectionError("HTTPConnection(host='localhost', port=11434): Failed to establish a new connection: [WinError 10061] No connection could be made because the target machine actively refused it"))
2026-07-29 10:38:06,323 WARNING haki_ai.main: OLLAMA_CHECK_CONNECTION_ERROR: attempt=1 err=HTTPConnectionPool(host='localhost', port=11434): Max retries exceeded with url: /api/tags (Caused by NewConnectionError("HTTPConnection(host='localhost', port=11434): Failed to establish a new connection: [WinError 10061] No connection could be made because the target machine actively refused it"))
2026-07-29 10:38:11,420 WARNING haki_ai.main: OLLAMA_CHECK_CONNECTION_ERROR: attempt=2 err=HTTPConnectionPool(host='localhost', port=11434): Max retries exceeded with url: /api/tags (Caused by NewConnectionError("HTTPConnection(host='localhost', port=11434): Failed to establish a new connection: [WinError 10061] No connection could be made because the target machine actively refused it"))
2026-07-29 10:51:14,010 INFO haki_ai.main: SHUTDOWN: Kenyan Legal Assistant API stopping
2026-07-29 10:51:14,019 INFO logic.data_manager: DataManager closed
2026-07-29 11:00:10,255 INFO logic.embeddings: EmbeddingsService initialized
2026-07-29 11:00:11,450 INFO haki_ai.main: STARTUP: Kenyan Legal Assistant API starting
2026-07-29 11:01:33,831 INFO logic.embeddings: Loading model from: D:\projects\kenyan-legal-bot\backend\data\models\all-MiniLM-L6-v2
2026-07-29 11:01:33,840 INFO sentence_transformers.base.model: Loading SentenceTransformer model from D:\projects\kenyan-legal-bot\backend\data\models\all-MiniLM-L6-v2.
2026-07-29 11:01:38,647 INFO logic.embeddings: ✓ Model loaded successfully in 1.4s
  Path: D:\projects\kenyan-legal-bot\backend\data\models\all-MiniLM-L6-v2
  Dimension: 384
  Cache: 4.25152587890625MB
2026-07-29 11:01:38,647 INFO haki_ai.main: EMBEDDINGS_LOADED
2026-07-29 11:01:38,653 INFO logic.search_tool: Search tool ready. Topics: 9. Gemini: Configured
2026-07-29 11:01:38,656 INFO haki_ai.main: SEARCH_TOOL_READY: known_topics=9
2026-07-29 11:01:38,660 INFO haki_ai.main: STARTUP_COMPLETE
2026-07-29 11:02:07,584 INFO haki_ai.rag_engine: RAG_DB_LOADED: count=3807
2026-07-29 11:02:07,589 INFO haki_ai.main: RAG_ENGINE_READY: waited=22.5s doc_count=3807
2026-07-29 11:02:11,800 INFO haki_ai.main: OLLAMA_READY: available_models=['llama3.2:latest'] configured_model=llama3.2:latest
2026-07-29 11:02:11,801 INFO haki_ai.main: BACKGROUND_READINESS_CHECKS_COMPLETE
2026-07-29 11:10:14,789 INFO haki_ai.main: NEW_SESSION: session_id=6c728598 user_type=lawyer
2026-07-29 11:11:59,372 WARNING haki_ai.main: OLLAMA_CHECK_CONNECTION_ERROR: attempt=0 err=HTTPConnectionPool(host='localhost', port=11434): Max retries exceeded with url: /api/tags (Caused by NewConnectionError("HTTPConnection(host='localhost', port=11434): Failed to establish a new connection: [WinError 10061] No connection could be made because the target machine actively refused it"))
2026-07-29 11:12:04,430 WARNING haki_ai.main: OLLAMA_CHECK_CONNECTION_ERROR: attempt=1 err=HTTPConnectionPool(host='localhost', port=11434): Max retries exceeded with url: /api/tags (Caused by NewConnectionError("HTTPConnection(host='localhost', port=11434): Failed to establish a new connection: [WinError 10061] No connection could be made because the target machine actively refused it"))
2026-07-29 11:12:09,500 WARNING haki_ai.main: OLLAMA_CHECK_CONNECTION_ERROR: attempt=2 err=HTTPConnectionPool(host='localhost', port=11434): Max retries exceeded with url: /api/tags (Caused by NewConnectionError("HTTPConnection(host='localhost', port=11434): Failed to establish a new connection: [WinError 10061] No connection could be made because the target machine actively refused it"))
2026-07-29 11:12:13,581 WARNING haki_ai.main: OLLAMA_CHECK_CONNECTION_ERROR: attempt=0 err=HTTPConnectionPool(host='localhost', port=11434): Max retries exceeded with url: /api/tags (Caused by NewConnectionError("HTTPConnection(host='localhost', port=11434): Failed to establish a new connection: [WinError 10061] No connection could be made because the target machine actively refused it"))
2026-07-29 11:12:18,661 WARNING haki_ai.main: OLLAMA_CHECK_CONNECTION_ERROR: attempt=1 err=HTTPConnectionPool(host='localhost', port=11434): Max retries exceeded with url: /api/tags (Caused by NewConnectionError("HTTPConnection(host='localhost', port=11434): Failed to establish a new connection: [WinError 10061] No connection could be made because the target machine actively refused it"))
2026-07-29 11:12:24,693 ERROR haki_ai.main: OLLAMA_CHECK_UNEXPECTED_ERROR: attempt=2 err=HTTPConnectionPool(host='localhost', port=11434): Read timed out. (read timeout=3)
2026-07-29 11:12:30,362 ERROR haki_ai.main: OLLAMA_CHECK_UNEXPECTED_ERROR: attempt=0 err=HTTPConnectionPool(host='localhost', port=11434): Read timed out. (read timeout=3)
2026-07-29 11:18:22,788 INFO logic.embeddings: EmbeddingsService initialized
2026-07-29 11:18:23,344 INFO haki_ai.main: STARTUP: Kenyan Legal Assistant API starting
2026-07-29 11:19:01,391 INFO logic.embeddings: Loading model from: D:\projects\kenyan-legal-bot\backend\data\models\all-MiniLM-L6-v2
2026-07-29 11:19:01,397 INFO sentence_transformers.base.model: Loading SentenceTransformer model from D:\projects\kenyan-legal-bot\backend\data\models\all-MiniLM-L6-v2.
2026-07-29 11:19:02,005 INFO logic.embeddings: ✓ Model loaded successfully in 0.4s
  Path: D:\projects\kenyan-legal-bot\backend\data\models\all-MiniLM-L6-v2
  Dimension: 384
  Cache: 4.25152587890625MB
2026-07-29 11:19:02,006 INFO haki_ai.main: EMBEDDINGS_LOADED
2026-07-29 11:19:02,024 INFO logic.search_tool: Search tool ready. Topics: 9. Gemini: Configured
2026-07-29 11:19:02,025 INFO haki_ai.main: SEARCH_TOOL_READY: known_topics=9
2026-07-29 11:19:02,029 INFO haki_ai.main: STARTUP_COMPLETE
2026-07-29 11:19:07,443 INFO haki_ai.rag_engine: RAG_DB_LOADED: count=3807
2026-07-29 11:19:07,447 INFO haki_ai.main: RAG_ENGINE_READY: waited=3.0s doc_count=3807
2026-07-29 11:19:11,506 WARNING haki_ai.main: OLLAMA_CHECK_CONNECTION_ERROR: attempt=0 err=HTTPConnectionPool(host='localhost', port=11434): Max retries exceeded with url: /api/tags (Caused by NewConnectionError("HTTPConnection(host='localhost', port=11434): Failed to establish a new connection: [WinError 10061] No connection could be made because the target machine actively refused it"))
2026-07-29 11:19:16,583 WARNING haki_ai.main: OLLAMA_CHECK_CONNECTION_ERROR: attempt=1 err=HTTPConnectionPool(host='localhost', port=11434): Max retries exceeded with url: /api/tags (Caused by NewConnectionError("HTTPConnection(host='localhost', port=11434): Failed to establish a new connection: [WinError 10061] No connection could be made because the target machine actively refused it"))
2026-07-29 11:19:21,649 WARNING haki_ai.main: OLLAMA_CHECK_CONNECTION_ERROR: attempt=2 err=HTTPConnectionPool(host='localhost', port=11434): Max retries exceeded with url: /api/tags (Caused by NewConnectionError("HTTPConnection(host='localhost', port=11434): Failed to establish a new connection: [WinError 10061] No connection could be made because the target machine actively refused it"))
2026-07-29 11:19:21,650 ERROR haki_ai.main: OLLAMA_NOT_RUNNING: startup check failed after retries
2026-07-29 11:19:21,652 INFO haki_ai.main: BACKGROUND_READINESS_CHECKS_COMPLETE
2026-07-29 11:42:31,019 WARNING haki_ai.main: OLLAMA_CHECK_CONNECTION_ERROR: attempt=0 err=HTTPConnectionPool(host='localhost', port=11434): Max retries exceeded with url: /api/tags (Caused by NewConnectionError("HTTPConnection(host='localhost', port=11434): Failed to establish a new connection: [WinError 10061] No connection could be made because the target machine actively refused it"))
2026-07-29 11:42:36,085 WARNING haki_ai.main: OLLAMA_CHECK_CONNECTION_ERROR: attempt=1 err=HTTPConnectionPool(host='localhost', port=11434): Max retries exceeded with url: /api/tags (Caused by NewConnectionError("HTTPConnection(host='localhost', port=11434): Failed to establish a new connection: [WinError 10061] No connection could be made because the target machine actively refused it"))
2026-07-29 11:42:41,182 WARNING haki_ai.main: OLLAMA_CHECK_CONNECTION_ERROR: attempt=2 err=HTTPConnectionPool(host='localhost', port=11434): Max retries exceeded with url: /api/tags (Caused by NewConnectionError("HTTPConnection(host='localhost', port=11434): Failed to establish a new connection: [WinError 10061] No connection could be made because the target machine actively refused it"))
2026-07-29 11:42:45,280 WARNING haki_ai.main: OLLAMA_CHECK_CONNECTION_ERROR: attempt=0 err=HTTPConnectionPool(host='localhost', port=11434): Max retries exceeded with url: /api/tags (Caused by NewConnectionError("HTTPConnection(host='localhost', port=11434): Failed to establish a new connection: [WinError 10061] No connection could be made because the target machine actively refused it"))
2026-07-29 11:42:50,333 WARNING haki_ai.main: OLLAMA_CHECK_CONNECTION_ERROR: attempt=1 err=HTTPConnectionPool(host='localhost', port=11434): Max retries exceeded with url: /api/tags (Caused by NewConnectionError("HTTPConnection(host='localhost', port=11434): Failed to establish a new connection: [WinError 10061] No connection could be made because the target machine actively refused it"))
2026-07-29 11:42:55,385 WARNING haki_ai.main: OLLAMA_CHECK_CONNECTION_ERROR: attempt=2 err=HTTPConnectionPool(host='localhost', port=11434): Max retries exceeded with url: /api/tags (Caused by NewConnectionError("HTTPConnection(host='localhost', port=11434): Failed to establish a new connection: [WinError 10061] No connection could be made because the target machine actively refused it"))
2026-07-29 11:43:14,351 WARNING haki_ai.main: OLLAMA_CHECK_CONNECTION_ERROR: attempt=0 err=HTTPConnectionPool(host='localhost', port=11434): Max retries exceeded with url: /api/tags (Caused by NewConnectionError("HTTPConnection(host='localhost', port=11434): Failed to establish a new connection: [WinError 10061] No connection could be made because the target machine actively refused it"))
2026-07-29 11:43:19,421 WARNING haki_ai.main: OLLAMA_CHECK_CONNECTION_ERROR: attempt=1 err=HTTPConnectionPool(host='localhost', port=11434): Max retries exceeded with url: /api/tags (Caused by NewConnectionError("HTTPConnection(host='localhost', port=11434): Failed to establish a new connection: [WinError 10061] No connection could be made because the target machine actively refused it"))
2026-07-29 11:43:24,492 WARNING haki_ai.main: OLLAMA_CHECK_CONNECTION_ERROR: attempt=2 err=HTTPConnectionPool(host='localhost', port=11434): Max retries exceeded with url: /api/tags (Caused by NewConnectionError("HTTPConnection(host='localhost', port=11434): Failed to establish a new connection: [WinError 10061] No connection could be made because the target machine actively refused it"))
2026-07-29 11:43:28,534 WARNING haki_ai.main: OLLAMA_CHECK_CONNECTION_ERROR: attempt=0 err=HTTPConnectionPool(host='localhost', port=11434): Max retries exceeded with url: /api/tags (Caused by NewConnectionError("HTTPConnection(host='localhost', port=11434): Failed to establish a new connection: [WinError 10061] No connection could be made because the target machine actively refused it"))
2026-07-29 11:43:33,612 WARNING haki_ai.main: OLLAMA_CHECK_CONNECTION_ERROR: attempt=1 err=HTTPConnectionPool(host='localhost', port=11434): Max retries exceeded with url: /api/tags (Caused by NewConnectionError("HTTPConnection(host='localhost', port=11434): Failed to establish a new connection: [WinError 10061] No connection could be made because the target machine actively refused it"))
2026-07-29 11:43:38,692 WARNING haki_ai.main: OLLAMA_CHECK_CONNECTION_ERROR: attempt=2 err=HTTPConnectionPool(host='localhost', port=11434): Max retries exceeded with url: /api/tags (Caused by NewConnectionError("HTTPConnection(host='localhost', port=11434): Failed to establish a new connection: [WinError 10061] No connection could be made because the target machine actively refused it"))
2026-07-29 11:43:44,724 WARNING haki_ai.main: OLLAMA_CHECK_CONNECTION_ERROR: attempt=0 err=HTTPConnectionPool(host='localhost', port=11434): Max retries exceeded with url: /api/tags (Caused by NewConnectionError("HTTPConnection(host='localhost', port=11434): Failed to establish a new connection: [WinError 10061] No connection could be made because the target machine actively refused it"))
2026-07-29 11:43:49,799 WARNING haki_ai.main: OLLAMA_CHECK_CONNECTION_ERROR: attempt=1 err=HTTPConnectionPool(host='localhost', port=11434): Max retries exceeded with url: /api/tags (Caused by NewConnectionError("HTTPConnection(host='localhost', port=11434): Failed to establish a new connection: [WinError 10061] No connection could be made because the target machine actively refused it"))
2026-07-29 11:43:54,854 WARNING haki_ai.main: OLLAMA_CHECK_CONNECTION_ERROR: attempt=2 err=HTTPConnectionPool(host='localhost', port=11434): Max retries exceeded with url: /api/tags (Caused by NewConnectionError("HTTPConnection(host='localhost', port=11434): Failed to establish a new connection: [WinError 10061] No connection could be made because the target machine actively refused it"))
2026-07-29 11:43:58,900 WARNING haki_ai.main: OLLAMA_CHECK_CONNECTION_ERROR: attempt=0 err=HTTPConnectionPool(host='localhost', port=11434): Max retries exceeded with url: /api/tags (Caused by NewConnectionError("HTTPConnection(host='localhost', port=11434): Failed to establish a new connection: [WinError 10061] No connection could be made because the target machine actively refused it"))
2026-07-29 11:44:03,981 WARNING haki_ai.main: OLLAMA_CHECK_CONNECTION_ERROR: attempt=1 err=HTTPConnectionPool(host='localhost', port=11434): Max retries exceeded with url: /api/tags (Caused by NewConnectionError("HTTPConnection(host='localhost', port=11434): Failed to establish a new connection: [WinError 10061] No connection could be made because the target machine actively refused it"))
2026-07-29 11:44:09,079 WARNING haki_ai.main: OLLAMA_CHECK_CONNECTION_ERROR: attempt=2 err=HTTPConnectionPool(host='localhost', port=11434): Max retries exceeded with url: /api/tags (Caused by NewConnectionError("HTTPConnection(host='localhost', port=11434): Failed to establish a new connection: [WinError 10061] No connection could be made because the target machine actively refused it"))
2026-07-29 12:27:31,708 INFO logic.embeddings: EmbeddingsService initialized
2026-07-29 12:27:32,907 INFO haki_ai.main: STARTUP: Kenyan Legal Assistant API starting
2026-07-29 12:29:28,352 INFO logic.embeddings: Loading model from: D:\projects\kenyan-legal-bot\backend\data\models\all-MiniLM-L6-v2
2026-07-29 12:29:28,362 INFO sentence_transformers.base.model: Loading SentenceTransformer model from D:\projects\kenyan-legal-bot\backend\data\models\all-MiniLM-L6-v2.
2026-07-29 12:29:35,343 INFO logic.embeddings: ✓ Model loaded successfully in 1.6s
  Path: D:\projects\kenyan-legal-bot\backend\data\models\all-MiniLM-L6-v2
  Dimension: 384
  Cache: 4.25152587890625MB
2026-07-29 12:29:35,344 INFO haki_ai.main: EMBEDDINGS_LOADED
2026-07-29 12:29:35,471 INFO logic.search_tool: Search tool ready. Topics: 9. Gemini: Configured
2026-07-29 12:29:35,477 INFO haki_ai.main: SEARCH_TOOL_READY: known_topics=9
2026-07-29 12:29:35,480 INFO haki_ai.main: STARTUP_COMPLETE
2026-07-29 12:29:47,503 INFO haki_ai.rag_engine: RAG_DB_LOADED: count=3807
2026-07-29 12:29:47,510 INFO haki_ai.main: RAG_ENGINE_READY: waited=6.0s doc_count=3807
2026-07-29 12:29:51,578 WARNING haki_ai.main: OLLAMA_CHECK_CONNECTION_ERROR: attempt=0 err=HTTPConnectionPool(host='localhost', port=11434): Max retries exceeded with url: /api/tags (Caused by NewConnectionError("HTTPConnection(host='localhost', port=11434): Failed to establish a new connection: [WinError 10061] No connection could be made because the target machine actively refused it"))
2026-07-29 12:29:56,634 WARNING haki_ai.main: OLLAMA_CHECK_CONNECTION_ERROR: attempt=1 err=HTTPConnectionPool(host='localhost', port=11434): Max retries exceeded with url: /api/tags (Caused by NewConnectionError("HTTPConnection(host='localhost', port=11434): Failed to establish a new connection: [WinError 10061] No connection could be made because the target machine actively refused it"))
2026-07-29 12:30:01,699 WARNING haki_ai.main: OLLAMA_CHECK_CONNECTION_ERROR: attempt=2 err=HTTPConnectionPool(host='localhost', port=11434): Max retries exceeded with url: /api/tags (Caused by NewConnectionError("HTTPConnection(host='localhost', port=11434): Failed to establish a new connection: [WinError 10061] No connection could be made because the target machine actively refused it"))
2026-07-29 12:30:01,701 ERROR haki_ai.main: OLLAMA_NOT_RUNNING: startup check failed after retries
2026-07-29 12:30:01,701 INFO haki_ai.main: BACKGROUND_READINESS_CHECKS_COMPLETE
2026-07-29 12:34:54,998 INFO haki_ai.main: SHUTDOWN: Kenyan Legal Assistant API stopping
2026-07-29 12:34:55,003 INFO logic.data_manager: DataManager closed
2026-07-29 12:35:17,532 INFO logic.embeddings: EmbeddingsService initialized
2026-07-29 12:35:17,914 INFO haki_ai.main: STARTUP: Kenyan Legal Assistant API starting
2026-07-29 12:35:37,643 INFO logic.embeddings: Loading model from: D:\projects\kenyan-legal-bot\backend\data\models\all-MiniLM-L6-v2
2026-07-29 12:35:37,647 INFO sentence_transformers.base.model: Loading SentenceTransformer model from D:\projects\kenyan-legal-bot\backend\data\models\all-MiniLM-L6-v2.
2026-07-29 12:35:38,206 INFO logic.embeddings: ✓ Model loaded successfully in 0.4s
  Path: D:\projects\kenyan-legal-bot\backend\data\models\all-MiniLM-L6-v2
  Dimension: 384
  Cache: 4.25152587890625MB
2026-07-29 12:35:38,207 INFO haki_ai.main: EMBEDDINGS_LOADED
2026-07-29 12:35:38,211 INFO logic.search_tool: Search tool ready. Topics: 9. Gemini: Configured
2026-07-29 12:35:38,213 INFO haki_ai.main: SEARCH_TOOL_READY: known_topics=9
2026-07-29 12:35:38,216 INFO haki_ai.main: STARTUP_COMPLETE
2026-07-29 12:35:40,711 INFO haki_ai.rag_engine: RAG_DB_LOADED: count=3807
2026-07-29 12:35:40,848 INFO haki_ai.main: RAG_ENGINE_READY: waited=2.5s doc_count=3807
2026-07-29 12:35:44,935 INFO haki_ai.main: OLLAMA_READY: available_models=['llama3.2:latest'] configured_model=llama3.2:latest
2026-07-29 12:35:44,936 INFO haki_ai.main: BACKGROUND_READINESS_CHECKS_COMPLETE
2026-07-29 12:45:25,701 INFO haki_ai.main: NEW_SESSION: session_id=2d2e0675 user_type=lawyer
2026-07-29 15:49:43,457 INFO haki_ai.main: NEW_SESSION: session_id=fae0f17d user_type=lawyer
2026-07-29 15:50:15,169 INFO haki_ai.rag_engine: RETRIEVAL: query='Robbery with violence' doc_type=all n=8 distances=[0.6118260622024536, 0.6428595781326294, 0.650061309337616, 0.7422510385513306, 0.828095555305481, 0.8483068943023682, 0.9167829751968384, 0.9777924418449402]
2026-07-29 15:50:15,850 INFO haki_ai.rag_engine: RETRIEVAL: query='Robbery with violence' doc_type=case_law_pdf n=8 distances=[0.5005007982254028, 0.5301368236541748, 0.6700202226638794, 0.705150306224823, 0.7157268524169922, 0.7660095691680908, 0.8022083044052124, 0.8342188596725464]
2026-07-29 15:54:18,501 ERROR haki_ai.rag_engine: OLLAMA_REQUEST_FAILED: query='Robbery with violence' err=HTTPConnectionPool(host='localhost', port=11434): Read timed out. (read timeout=240)
2026-07-29 15:54:18,547 ERROR haki_ai.rag_engine: OLLAMA_NO_ANSWER: query='Robbery with violence'
2026-07-29 15:54:18,650 INFO haki_ai.main: CHAT_UNAVAILABLE_RESPONSE: session_id=fae0f17d query='Robbery with violence'
2026-07-29 15:57:12,495 INFO haki_ai.rag_engine: RETRIEVAL: query='Robbery with violence' doc_type=all n=8 distances=[0.6118260622024536, 0.6428595781326294, 0.650061309337616, 0.7422510385513306, 0.828095555305481, 0.8483068943023682, 0.9167829751968384, 0.9777924418449402]
2026-07-29 15:57:13,172 INFO haki_ai.rag_engine: RETRIEVAL: query='Robbery with violence' doc_type=case_law_pdf n=8 distances=[0.5005007982254028, 0.5301368236541748, 0.6700202226638794, 0.705150306224823, 0.7157268524169922, 0.7660095691680908, 0.8022083044052124, 0.8342188596725464]
2026-07-29 15:58:19,617 WARNING haki_ai.rag_engine: GROUNDING_ISSUES_FOUND (attempt 1, retrying): query='Robbery with violence' issues=['- No valid, in-range document or section/clause citation was found backing the answer at all.'] raw_answer='Robbery with violence is a serious crime in Kenya, defined under section 296 of the Penal Code. According to this law, if someone commits robbery with violence, they are liable to imprisonment for fou'
2026-07-29 15:59:31,271 INFO haki_ai.rag_engine: UNQUOTED_CLAIM_AUDIT: 1 low-overlap unquoted sentence(s): ["coverage=0.36 case1 sentence='For example, in [CASE 1], a person was convicted of robbery with violence because they used actual violence against someone during the commission of t'"]
2026-07-29 19:32:21,676 INFO logic.embeddings: EmbeddingsService initialized
2026-07-29 19:32:22,498 INFO haki_ai.main: STARTUP: Kenyan Legal Assistant API starting
2026-07-29 19:34:22,277 INFO logic.embeddings: Loading model from: D:\projects\kenyan-legal-bot\backend\data\models\all-MiniLM-L6-v2
2026-07-29 19:34:22,298 INFO sentence_transformers.base.model: Loading SentenceTransformer model from D:\projects\kenyan-legal-bot\backend\data\models\all-MiniLM-L6-v2.
2026-07-29 19:34:29,756 INFO logic.embeddings: ✓ Model loaded successfully in 2.4s
  Path: D:\projects\kenyan-legal-bot\backend\data\models\all-MiniLM-L6-v2
  Dimension: 384
  Cache: 4.2548370361328125MB
2026-07-29 19:34:29,756 INFO haki_ai.main: EMBEDDINGS_LOADED
2026-07-29 19:34:29,846 INFO logic.search_tool: Search tool ready. Topics: 9. Gemini: Configured
2026-07-29 19:34:29,883 INFO haki_ai.main: SEARCH_TOOL_READY: known_topics=9
2026-07-29 19:34:29,886 INFO haki_ai.main: STARTUP_COMPLETE
2026-07-29 19:34:40,292 INFO haki_ai.rag_engine: RAG_DB_LOADED: count=3807
2026-07-29 19:34:40,297 INFO haki_ai.main: RAG_ENGINE_READY: waited=7.0s doc_count=3807
2026-07-29 19:34:44,438 INFO haki_ai.main: OLLAMA_READY: available_models=['llama3.2:latest'] configured_model=llama3.2:latest
2026-07-29 19:34:44,439 INFO haki_ai.main: BACKGROUND_READINESS_CHECKS_COMPLETE
2026-07-29 20:00:00,384 INFO haki_ai.main: NEW_SESSION: session_id=49c820d3 user_type=lawyer
2026-07-30 09:59:22,061 INFO logic.embeddings: EmbeddingsService initialized
2026-07-30 09:59:23,014 INFO haki_ai.main: STARTUP: Kenyan Legal Assistant API starting
2026-07-30 10:01:45,092 INFO logic.embeddings: Loading model from: D:\projects\kenyan-legal-bot\backend\data\models\all-MiniLM-L6-v2
2026-07-30 10:01:45,120 INFO sentence_transformers.base.model: Loading SentenceTransformer model from D:\projects\kenyan-legal-bot\backend\data\models\all-MiniLM-L6-v2.
2026-07-30 10:01:58,723 INFO logic.embeddings: ✓ Model loaded successfully in 4.9s
  Path: D:\projects\kenyan-legal-bot\backend\data\models\all-MiniLM-L6-v2
  Dimension: 384
  Cache: 4.2548370361328125MB
2026-07-30 10:01:58,723 INFO haki_ai.main: EMBEDDINGS_LOADED
2026-07-30 10:01:58,768 INFO logic.search_tool: Search tool ready. Topics: 9. Gemini: Configured
2026-07-30 10:01:58,785 INFO haki_ai.main: SEARCH_TOOL_READY: known_topics=9
2026-07-30 10:01:58,789 INFO haki_ai.main: STARTUP_COMPLETE
2026-07-30 10:02:12,331 INFO haki_ai.rag_engine: RAG_DB_LOADED: count=3807
2026-07-30 10:02:12,336 INFO haki_ai.main: RAG_ENGINE_READY: waited=9.5s doc_count=3807
2026-07-30 10:02:16,459 INFO haki_ai.main: OLLAMA_READY: available_models=['llama3.2:latest'] configured_model=llama3.2:latest
2026-07-30 10:02:16,464 INFO haki_ai.main: BACKGROUND_READINESS_CHECKS_COMPLETE
2026-07-30 10:02:21,267 INFO haki_ai.main: NEW_SESSION: session_id=689c2fb1 user_type=lawyer
2026-07-30 15:22:40,116 INFO logic.embeddings: EmbeddingsService initialized
2026-07-30 15:22:41,289 INFO haki_ai.main: STARTUP: Kenyan Legal Assistant API starting
2026-07-30 15:25:07,947 INFO logic.embeddings: Loading model from: D:\projects\kenyan-legal-bot\backend\data\models\all-MiniLM-L6-v2
2026-07-30 15:25:07,971 INFO sentence_transformers.base.model: Loading SentenceTransformer model from D:\projects\kenyan-legal-bot\backend\data\models\all-MiniLM-L6-v2.
2026-07-30 15:25:17,893 INFO logic.embeddings: ✓ Model loaded successfully in 2.4s
  Path: D:\projects\kenyan-legal-bot\backend\data\models\all-MiniLM-L6-v2
  Dimension: 384
  Cache: 4.2548370361328125MB
2026-07-30 15:25:17,894 INFO haki_ai.main: EMBEDDINGS_LOADED
2026-07-30 15:25:18,022 INFO logic.search_tool: Search tool ready. Topics: 9. Gemini: Configured
2026-07-30 15:25:18,058 INFO haki_ai.main: SEARCH_TOOL_READY: known_topics=9
2026-07-30 15:25:18,065 INFO haki_ai.main: STARTUP_COMPLETE
2026-07-30 15:25:27,171 INFO haki_ai.rag_engine: RAG_DB_LOADED: count=3807
2026-07-30 15:25:27,174 INFO haki_ai.main: RAG_ENGINE_READY: waited=6.5s doc_count=3807
2026-07-30 15:25:31,382 INFO haki_ai.main: OLLAMA_READY: available_models=['llama3.2:latest'] configured_model=llama3.2:latest
2026-07-30 15:25:31,383 INFO haki_ai.main: BACKGROUND_READINESS_CHECKS_COMPLETE
2026-07-30 15:25:48,031 INFO haki_ai.main: NEW_SESSION: session_id=7782fb32 user_type=lawyer
2026-07-30 15:37:31,484 INFO haki_ai.main: NEW_SESSION: session_id=f861cfad user_type=lawyer
2026-07-30 15:38:07,142 INFO haki_ai.rag_engine: RETRIEVAL: query='can my wife claim land I inherited from my deceased father.' doc_type=all n=8 distances=[0.9518516063690186, 1.0600814819335938, 1.0712738037109375, 1.0835049152374268, 1.087256669998169, 1.113742470741272, 1.1178643703460693, 1.1199369430541992]
2026-07-30 15:38:07,231 INFO haki_ai.rag_engine: RETRIEVAL: query='can my wife claim land I inherited from my deceased father.' doc_type=case_law_pdf n=8 distances=[1.4320732355117798, 1.481250524520874, 1.5302739143371582, 1.5353857278823853, 1.5599921941757202, 1.5728492736816406, 1.5807485580444336, 1.589408278465271]
2026-07-30 15:42:13,347 ERROR haki_ai.rag_engine: OLLAMA_REQUEST_FAILED: query='can my wife claim land I inherited from my deceased father.' err=HTTPConnectionPool(host='localhost', port=11434): Read timed out. (read timeout=240)
2026-07-30 15:42:13,349 ERROR haki_ai.rag_engine: OLLAMA_NO_ANSWER: query='can my wife claim land I inherited from my deceased father.'
2026-07-30 15:42:13,349 INFO haki_ai.main: CHAT_UNAVAILABLE_RESPONSE: session_id=f861cfad query='can my wife claim land I inherited from my deceased father.'
2026-07-30 15:45:46,301 INFO haki_ai.rag_engine: RETRIEVAL: query='can my wife claim land I inherited from my deceased father.' doc_type=all n=8 distances=[0.9518516063690186, 1.0600814819335938, 1.0712738037109375, 1.0835049152374268, 1.087256669998169, 1.113742470741272, 1.1178643703460693, 1.1199369430541992]
2026-07-30 15:45:46,327 INFO haki_ai.rag_engine: RETRIEVAL: query='can my wife claim land I inherited from my deceased father.' doc_type=case_law_pdf n=8 distances=[1.4320732355117798, 1.481250524520874, 1.5302739143371582, 1.5353857278823853, 1.5599921941757202, 1.5728492736816406, 1.5807485580444336, 1.589408278465271]
2026-07-30 15:49:48,389 ERROR haki_ai.rag_engine: OLLAMA_REQUEST_FAILED: query='can my wife claim land I inherited from my deceased father.' err=HTTPConnectionPool(host='localhost', port=11434): Read timed out. (read timeout=240)
2026-07-30 15:49:48,696 ERROR haki_ai.rag_engine: OLLAMA_NO_ANSWER: query='can my wife claim land I inherited from my deceased father.'
2026-07-30 15:49:48,887 INFO haki_ai.main: CHAT_UNAVAILABLE_RESPONSE: session_id=f861cfad query='can my wife claim land I inherited from my deceased father.'
2026-07-30 15:50:07,817 INFO haki_ai.rag_engine: RETRIEVAL: query='can my wife claim land I inherited from my deceased father.' doc_type=all n=8 distances=[0.9518516063690186, 1.0600814819335938, 1.0712738037109375, 1.0835049152374268, 1.087256669998169, 1.113742470741272, 1.1178643703460693, 1.1199369430541992]
2026-07-30 15:50:08,095 INFO haki_ai.rag_engine: RETRIEVAL: query='can my wife claim land I inherited from my deceased father.' doc_type=case_law_pdf n=8 distances=[1.4320732355117798, 1.481250524520874, 1.5302739143371582, 1.5353857278823853, 1.5599921941757202, 1.5728492736816406, 1.5807485580444336, 1.589408278465271]
2026-07-30 15:53:26,513 WARNING haki_ai.rag_engine: FACT_PATTERN_MISMATCH: query='can my wife claim land I inherited from my deceased father.' question_fact='land inherited from deceased father.' answer_fact='rebuttable presumption that property acquired during marriage is held in trust for the other spouse.'
2026-07-30 15:53:26,517 WARNING haki_ai.rag_engine: FACT_PATTERN_ISSUE_SKIP_RETRY (attaching caveat directly): query='can my wife claim land I inherited from my deceased father.'
2026-07-30 16:28:37,234 INFO haki_ai.main: NEW_SESSION: session_id=1e06a2c9 user_type=lawyer
2026-07-30 16:38:52,007 INFO haki_ai.main: NEW_SESSION: session_id=bb985d49 user_type=lawyer
2026-07-30 17:31:21,714 INFO haki_ai.main: NEW_SESSION: session_id=08dfd855 user_type=lawyer
